prediction,reasoning,id,true_label,few_shot_example_ids
1,"The occupancy values in the new data fluctuate within a small range, mostly between 0 and 3.5. There isn't a clear trend of increasing or decreasing occupancy. Similar to Example 3 and 4, where the occupancy values also remained low and fluctuated within a narrow range, the predicted change in occupancy is likely to fall within the range of [-2, 2]. Therefore, the prediction is 1.",580,1,"[457, 437, 206, 34, 181]"
1,"Let's analyze the provided data to predict the occupancy change. The occupancy values fluctuate between 0 and 2.77. The last few occupancy values are 1.51, 0.62, 1.14, and 2.19. This suggests a generally low occupancy. Looking at the examples, example 1 and 2 showed occupancy changes within [-2,2]. The occupancy data here is close to these examples. Therefore, it's reasonable to assume the occupancy change will likely be within the range of -2 to 2.",579,1,"[34, 271, 471, 54, 361]"
-1,Few-shot LLM prediction failed.,581,2,"[195, 296, 395, 268, 482]"
1,"Let's analyze the occupancy pattern in the given data. The occupancies fluctuate between 0 and 2.69. The last four occupancy values are 0.25, 0, 0, and 0. Looking at the previous examples, we can see some patterns:

*   **Example 1:** Occupancy decreases by >2. In this example, the occupancy fluctuates, but the last few values are high (1.71, 2.41). It then drops significantly.
*   **Example 2:** Occupancy increases by >2. Here, we see larger occupancy values and then the values are all zero.
*   **Example 3:** Occupancy changes within [-2, 2]. Similar fluctuations and some values around zero.
*   **Example 4:** Occupancy changes within [-2, 2]. High values initially then drops to zero.
*   **Example 5:** Occupancy changes within [-2, 2].  Fluctuating values, but the change isn't drastic.

In the new data, the occupancy values are quite low toward the end of the time series, with the final four values being 0.25, 0, 0, and 0.  Since the occupancy is already near zero, it's unlikely to decrease by more than 2. It's also unlikely to increase by more than 2 since there's no preceding large occupancy value that suggests a build-up in occupancy is currently in effect. Based on these considerations, the occupancy change is most likely to fall within the range of [-2, 2]. Therefore, the prediction is 1.",582,1,"[395, 6, 17, 82, 459]"
-1,Few-shot LLM prediction failed.,577,2,"[276, 206, 254, 91, 570]"
1,"The occupancy values in the provided data are consistently low, fluctuating around 0 with occasional spikes to around 1 or 2. The final occupancy value is 0. Looking at the examples, when occupancy is consistently low and ends at or near 0, the label is usually 'Occupancy changes within [-2, 2]'. Although there are a few instances where Occupancy increases after a zero reading, given how close most readings are to zero, it is most likely to stay within the [-2,2] range.",586,1,"[477, 389, 266, 147, 269]"
1,"The occupancy values in the provided data fluctuate between 0 and 4.76. There are several instances where the occupancy is around 0, including the last recorded occupancy. Looking at the previous examples, Example 3 and 4 show similar occupancy fluctuations, with the last value being 0, and both are labeled as occupancy changes within [-2, 2]. Example 5 also has fluctuating occupancy values and the label indicates occupancy changes within [-2, 2]. It is difficult to determine a clear trend that would suggest a significant increase or decrease in occupancy. Therefore, I predict that the occupancy change will be within the range of [-2, 2].",585,1,"[381, 65, 189, 206, 71]"
1,"Let's analyze the occupancy data in the provided time series. We observe that the occupancy values are very low, ranging from 0 to 2.69. The values fluctuate within this range. Considering the previous 12 hours, there aren't any major jumps or drops in occupancy. The intensity is also quite low. Looking back at the examples: Example 4 had similar low Occupancy and Intensity values. Its label was 'Occupancy changes within [-2, 2]'. Thus, based on this pattern, and lack of drastic occupancy level changes in the last 12 hours, I predict that the occupancy will remain within the [-2, 2] range for the next hour.",583,1,"[165, 144, 437, 29, 352]"
1,"The occupancy values in the given data are generally low, fluctuating around 0 and 2. Similar to Examples 3 and 5, the occupancy values remain within a narrow range for the majority of the time steps. There are no significant spikes or consistent increasing/decreasing trends observed in the Occupancy column. The final few occupancy values are also very low. Therefore, it is most likely that the occupancy will change within [-2, 2] for the next hour.",578,1,"[234, 178, 283, 561, 18]"
1,"The occupancy values in the new data are consistently low (close to 0), similar to time steps where the overall occupancy remained relatively constant in the examples. The occupancy values fluctuate slightly around 0, and there are several 0 values. Example 5 shows similar occupancy values near 0, and the next hour showed a change within [-2,2]. Given the low occupancy values in the new data and the low intensity, windspeed, solar radiation, temperature, and humidity, it is likely that the occupancy will not increase or decrease significantly. Therefore, the occupancy change for the next hour is predicted to fall within the range of [-2, 2].",587,1,"[269, 277, 541, 336, 372]"
1,"The occupancy values in the last few time steps are consistently low, fluctuating around zero. We observe values like 0.34, 0.29, 0.66, 0.25, 0.5, and 0. The last occupancy value is 0, which often indicates that the occupancy will either remain around the same level or increase slightly as shown in examples 2, 4, and 5 where the occupancy values stay near 0. The temperature and humidity are also quite stable in the final few readings. Considering the overall pattern, it is most likely that the occupancy will change within the range of [-2, 2] for the next hour.",589,1,"[181, 416, 3, 93, 113]"
-1,Few-shot LLM prediction failed.,584,0,"[263, 342, 525, 244, 275]"
1,"The provided data shows a generally low occupancy level, mostly below 2, with some instances slightly above. Analyzing the trend in the last few time steps (9, 10, and 11), the occupancy values are 1.32, 3.15, and 4.24, respectively. While there's an increasing trend, the magnitude of increase from step 10 to 11 is 4.24 - 3.15 = 1.09. Given the relatively low overall occupancy levels, and a recent occupancy increase of around 1.09, it's likely that the occupancy change in the next hour will fall within the range of [-2, 2]. This aligns with the pattern seen in examples 1, 3, and 5, where fluctuations occur but don't necessarily lead to a significant decrease or increase exceeding the threshold of 2.",588,0,"[193, 243, 523, 37, 379]"
1,"The Occupancy values in the provided data fluctuate, but generally remain low (close to zero) throughout the 12-hour period. There are a few spikes (e.g., 4.09 at time step 5), but these are followed by drops back down. Looking at the examples, Example 2 and Example 3 both exhibit similar low occupancy and small fluctuations, and they both were labelled as 'Occupancy changes within [-2, 2]'. Given that the occupancy values are consistently low and don't show a clear increasing or decreasing trend that would cause a change of greater than 2, it's most likely that the occupancy change in the next hour will also fall within the range of [-2, 2].",593,1,"[464, 287, 102, 430, 87]"
1,"The occupancy values in the new data fluctuate between 0 and 2.5. Unlike examples 4 and 5, there are no sudden large increases in occupancy. Similar to examples 2 and 3, the occupancy values remain relatively low throughout the 12-hour period. Considering that the occupancy at the last time step is 2.5, and based on the patterns in the provided examples, it is likely that the occupancy change in the next hour will be within the range of [-2, 2]. Therefore, the predicted category is 1.",595,0,"[52, 198, 109, 225, 573]"
-1,Few-shot LLM prediction failed.,591,0,"[375, 17, 31, 179, 491]"
-1,Few-shot LLM prediction failed.,590,1,"[199, 485, 542, 558, 151]"
1,"Let's analyze the recent occupancy values in the new data:

*   Time Step 5: Occupancy is 4.75
*   Time Step 6: Occupancy drops to 0.08
*   Time Step 7: Occupancy increases to 1.36
*   Time Step 8: Occupancy decreases to 0
*   Time Step 9: Occupancy increases to 2.11
*   Time Step 10: Occupancy decreases to 1.95
*   Time Step 11: Occupancy increases to 4.09

The occupancy values fluctuate. To predict the occupancy change, we can look at the overall trend. The occupancy values are mostly between 0 and 5. We can analyze the difference between the last two occupancy values to get an idea of occupancy change. Occupancy at time step 11 is 4.09, while occupancy at time step 10 is 1.95, so the change is 4.09 - 1.95 = 2.14. It is slightly higher than 2. So the change in occupancy for the next hour should be between -2 and 2. Looking at the examples:

*   Example 1 shows occupancy fluctuating but the change is within [-2, 2].
*   Example 2 shows occupancy increasing and then decreasing significantly.
*   Example 3 shows occupancy fluctuating but the change is within [-2, 2].
*   Example 4 shows occupancy increasing a lot.
*   Example 5 shows occupancy decreasing.

Therefore, it is most likely that the occupancy changes within [-2, 2].",592,0,"[105, 159, 84, 253, 323]"
1,"Let's analyze the trend of the Occupancy data in the new data provided. The occupancy values for the last five time steps are: 0, 1.25, 2.05 and 4.06. The occupancy is increasing and at the last step is 4.06.

Now, let's consider the examples:
- In most examples, the occupancy changes are within [-2, 2]. The data contains a lot of fluctuations across the different parameters.
- Example 5 shows a similar pattern in occupancy where the last few occupancy values are: 0, 1.84, 5.1, 1. Occupancy is increasing and then it falls. For this example, the label is 1. 

Given the increasing occupancy values in the recent timesteps of the new data and the tendency observed from examples where the change label is 1, the occupancy change for the new data will most likely fall within the [-2, 2] range. Therefore, I will predict the occupancy change will be within [-2, 2].",596,0,"[203, 21, 23, 487, 304]"
1,"The occupancy values in the provided data are consistently low, hovering around 0, and showing very little fluctuation. Looking at the examples, Example 1 and Example 4 show occupancy values that are higher and fluctuating, but still result in an occupancy change within [-2, 2]. Example 5 shows very low occupancy values and results in an occupancy change within [-2, 2]. Given the consistently low occupancy and lack of significant changes in other related features like intensity or solar radiation, it's most likely that the occupancy will stay relatively stable in the next hour, resulting in a change within the range of [-2, 2].",594,1,"[532, 253, 452, 544, 375]"
1,"The provided data shows relatively small fluctuations in occupancy. Here's a breakdown:

*   **Occupancy Values:** The occupancy values in the new data are generally low, ranging from 0 to 2.0, with most values close to 0 or 1.
*   **Intensity Values:** The intensity values are also generally low, suggesting low traffic volume.
*   **NO2 Levels:** The NO2 levels vary but do not seem to correlate strongly with significant occupancy changes in the provided examples.
*   **Temperature and Humidity:** The temperature is generally low to moderate, and humidity varies.

Considering these factors, and comparing to the provided examples: Example 1 shows small fluctuations with similarly low intensity and occupancy values which resulted in occupancy changes within [-2, 2], and Example 4 shows a more typical occupancy trend. Example 2 and 3 are obviously distinct from the new data because their high intensity and occupancy values. So, based on that the occupancy change in the next hour is most likely to stay within the [-2, 2] range.",599,1,"[399, 492, 346, 179, 127]"
1,"The Occupancy values in the new data fluctuate within a small range, generally between 0 and 4. Similar to Example 3 and 4, the Occupancy values are low and don't exhibit a clear increasing or decreasing trend across the 12 time steps. The final Occupancy value at Time_Step 11 is 3.79. Based on the previous examples and given the small fluctuations, it's most likely that the occupancy change in the next hour will be within the [-2, 2] range. Therefore, I predict the occupancy will change within [-2,2].",600,1,"[437, 261, 95, 92, 565]"
-1,Few-shot LLM prediction failed.,597,1,"[41, 565, 389, 195, 346]"
2,"The provided data shows a fluctuating `Occupancy` pattern. Let's analyze the recent trend to predict the next hour's change.

*   **Time Steps 0-5:** Occupancy starts at 1.38, fluctuates, and eventually drops to 0.
*   **Time Steps 6-8:** From time step 6 (1.38 occupancy) it increases to 5.0 by time step 7 and 3.03 by time step 8.
*   **Time Steps 9-11:** Occupancy decreases again to 1.25 and then rises again to 2.33 and 2.39.

Looking at the last few data points, the occupancy has increased slightly (2.33 to 2.39). However, more importantly, the occupancies are generally low (similar to the examples where occupancy increases > 2 or remains within [-2,2]).

Similar to Example 2, where occupancies started low and increased significantly (from around 1 to 4 within a few steps), and Example 5 where occupancies started from around 0 and increased to 5+, the occupancy is likely to increase by more than 2 in the next hour. So, despite fluctuations, the later increase from close to 0 to 2.39 after the mid point of time steps (5) is a significant change and suggests a rising trend after a dip.
",603,1,"[172, 121, 406, 18, 250]"
-1,Few-shot LLM prediction failed.,604,0,"[192, 397, 138, 411, 37]"
1,"The occupancy values in the new data are consistently low, generally fluctuating around or below 1. Similar to Example 3, where occupancy values were also very low and the label was 'Occupancy decreases by >2', we might expect a decrease. However, the magnitude of occupancy values in the new data is significantly smaller than in Example 3. Example 1 and 2 showed more variance and considerable jumps, and Example 4 started with substantial values, none of which are present here. Example 5 showcased occupancy varying by >2. Example 3 had slightly higher occupancy but decreasing, whereas in the new data it hovers closer to zero. Taking into account that the Occupancy values are already close to zero, a decrease by >2 is not likely, and it might fluctuate between minor increases and decreases. Considering the low occupancy values and the fluctuations presented in the previous hours, the safest bet is that the occupancy will remain within the [-2,2] range, resulting in the prediction of 1.",598,1,"[471, 422, 395, 238, 232]"
-1,Few-shot LLM prediction failed.,602,1,"[452, 108, 248, 17, 189]"
-1,Few-shot LLM prediction failed.,608,0,"[514, 480, 138, 218, 470]"
-1,Few-shot LLM prediction failed.,605,1,"[135, 514, 187, 566, 236]"
1,"Let's analyze the provided data to predict the occupancy change. Several factors from the examples influence the prediction. A key feature seems to be the final occupancy value. If the last few occupancy values are very low (close to 0) or 0, it is hard to further decrease occupancy. In this case, the last occupancy is 0.

Another key feature extracted from the examples is the intensity. In all examples, a zero occupancy follows a zero intensity. Other factors, such as temperature and humidity don't appear to be particularly important.

In example 1 and 2, when the occupancy values fluctuates but are near 0, and when the intensity values are fluctuating in the range [0-500], the occupancy changes within [-2, 2]. Therefore, it is reasonable to predict occupancy change within [-2, 2].
",601,1,"[190, 455, 246, 400, 314]"
-1,Few-shot LLM prediction failed.,607,0,"[547, 575, 2, 432, 312]"
1,"The provided data shows relatively low occupancy values, fluctuating between 0 and 2.39. Looking at the past examples, similar low occupancy values and fluctuations often resulted in the 'Occupancy changes within [-2, 2]' label. In this new data, the occupancy values are consistently low. Even the highest value is only 2.39. Furthermore, the intensity fluctuates a bit. There's no sudden change or consistently high values, which would indicate an increase in occupancy. Example 5 also exhibited very low occupancy and was labelled as occupancy changes within [-2,2]. Therefore, the best prediction for this new data is that the occupancy will change within the range of [-2, 2].",606,1,"[545, 392, 447, 548, 22]"
1,"Let's analyze the provided data to predict the occupancy change. The occupancy values for the last few time steps are: 1.19, 1.5, 1.31, 1.48, 3.86, and 0. The occupancy seems to fluctuate, sometimes increasing slightly and other times decreasing. The overall trend is not strongly increasing or decreasing. Comparing to the examples:

*   **Example 1 & 3:** Show instances where occupancy significantly increases (label = 2). This is not the case here, as we do not see consistent occupancy values at the start and a notable rise towards the end.
*   **Example 5:**  Shows a case of decreasing occupancy (label = 0), which also isn't consistent with the data here.  The occupancy in the provided example starts high and then declines.
*   **Example 2 & 4:** These display conditions where the occupancy change remains within a narrow band (label = 1), similar to the new data.

Given the fluctuations and the lack of a clear trend towards either a significant increase or decrease, the best prediction is that the occupancy will change within the range of [-2, 2]. The final occupancy value is 0, but prior to that it was 3.86. A change within the range [-2, 2] seems reasonable.",609,1,"[334, 75, 257, 32, 160]"
2,"Let's analyze the occupancy trend in the new data. 

*   The occupancy values fluctuate within a small range (mostly between 0 and 5.39) during the 12-hour period.
*   The last few data points show a slight increase in occupancy: 0 -> 3.82 -> 1.31 -> 1.57 -> 5.39
*   Although humidity and temperature fluctuate, the solar radiation and intensity are variable. The values are not consistently low nor high.
* Looking at the examples, Examples 1 and 5 show patterns where occupancy increases by >2 when there are fluctuations in environmental data, with a general trend of increasing occupancy towards the end of the 12-hour window. The occupancy values are also relatively low at the beginning of the window.
* Based on these observations, the most likely prediction is that the occupancy will increase by more than 2 in the next hour.",611,0,"[369, 108, 44, 350, 81]"
-1,Few-shot LLM prediction failed.,615,1,"[324, 149, 443, 389, 404]"
-1,Few-shot LLM prediction failed.,614,2,"[55, 470, 433, 226, 220]"
1,"Let's analyze the given data to predict the occupancy change. The 'Occupancy' values fluctuate throughout the 12 time steps. Notice that several times 'Occupancy' goes down to 0 when 'intensity' is 0. The last few occupancy values are 2.0, 1.44, 6.15, and then 0. It is therefore difficult to determine a definitive trend. Considering the occupancy values change frequently and the last few values fluctuate, it is unlikely that the occupancy will change by more than 2. I will therefore predict the occupancy changes within [-2, 2].",613,1,"[561, 509, 316, 251, 230]"
-1,Few-shot LLM prediction failed.,616,0,"[530, 444, 514, 77, 246]"
1,"Let's analyze the given data to predict the occupancy change. The occupancy values fluctuate between 0 and 3.86. We observe a mix of increasing and decreasing occupancy in the time series. Several data points have occupancy at 0, suggesting periods of no traffic. Compared to the example data, the occupancy values here are relatively low and consistently fluctuate around a low number. Examples 2 and 4 had consistently low occupancy values and were labelled as 'Occupancy changes within [-2, 2]'. Furthermore, in the current new data, most occupancy values remain close to 0, suggesting minimal changes. Therefore, it's reasonable to predict that the occupancy will change within the range of [-2, 2].",610,1,"[257, 566, 355, 298, 521]"
1,"Let's analyze the Occupancy values in the provided data. The Occupancy values fluctuate between 0 and 7.28. Examining the last few values (Time_Step 8-11): 5.89, 3.25, 3.71, and 3.72. The changes are small. It appears to be stabilizing around the 3-6 range. Considering the examples, and particularly the fluctuations and the final occupancy values being neither consistently high nor consistently low, it is most likely the occupancy change will be within [-2, 2]. Therefore, I classify this case as 1.",619,1,"[329, 372, 522, 181, 472]"
1,"Let's analyze the occupancy pattern in the given data. The occupancy values are mostly fluctuating, starting from 1.62, dropping to 0, rising to 3.82, then decreasing to 1.31, followed by a slight increase and then a larger jump to 5.39 at time step 5. Afterward, it settles around values between 2 and 5 for the remaining time steps, finishing at 4.97. Overall, the occupancy seems to fluctuate. The latest values suggest a relatively stable occupancy. This pattern is most similar to Example 1 and Example 5, where fluctuations occur within a limited range and the occupancy doesn't exhibit a consistent increasing or decreasing trend. Therefore, based on the examples and the provided data, I predict the occupancy change in the next hour will be within [-2, 2].",612,0,"[90, 345, 174, 337, 44]"
0,"Let's analyze the given data to predict the occupancy change. We will consider several factors and compare them to the provided examples.

1. **Initial Occupancy:** The occupancy starts at 5.25 and fluctuates, reaching a high of 9.14 before dropping to 0 in the last time step.

2. **Intensity:** The intensity values are generally moderate to high, with several timestamps showing values above 200. The last time step has an intensity of 0, similar to some examples where occupancy decreased significantly.

3. **Time Series Trend:**  There is significant variability in Occupancy. Looking at the overall trend, the occupancy increases to 9.14 and then drops drastically to 0 at the last time step.  This sharp decline to zero, similar to steps in several examples (like example 3 and 5) where after non-zero occupancy values there is a zero value in the last data point and then occupancy decrease is more than 2.

4. **Comparison with Examples:**
   - In Example 3, the occupancy fluctuates and then drops to zero. The label indicates a decrease of >2.
   - In Example 5, a similar pattern is observed. Occupancy fluctuates, and then the last occupancy becomes zero and then occupancy decreased by >2.
   - Other examples also show the importance of sharp decrease and presence of 0 value in last timestamp.

5. **Prediction:** Based on these observations, the occupancy is very likely to decrease by more than 2 in the next hour. The last occupancy reading being 0 strongly suggests this. Therefore, the prediction is 0.",617,2,"[38, 238, 43, 532, 327]"
1,"The provided examples primarily show occupancy changes within the [-2, 2] range. Analyzing the new data, we see the 'Occupancy' values fluctuate, starting at 4.64 and ending at 0. The 'intensity' also fluctuates.  Although there's a significant drop in occupancy to 0 at the last time step (11), the general trend observed across the preceding time steps is not indicative of a consistent large decrease or increase. Given the lack of strong directional bias in the recent occupancy readings (e.g., continuously decreasing or increasing patterns) and considering the pattern in the provided examples, the occupancy change for the next hour is most likely to fall within the [-2, 2] range. Therefore, the prediction is 1.",618,2,"[263, 42, 399, 299, 13]"
-1,Few-shot LLM prediction failed.,625,2,"[53, 219, 444, 241, 368]"
1,"Let's analyze the occupancy values in the new data: 2.75, 1, 5.89, 3.25, 3.71, 3.72, 4.92, 3.14, 0, 6.28, 6, 7.18.

Several factors influence the occupancy change. For example, in Example 2, high occupancy followed by a sudden drop to 0 leads to a decrease. In Example 3, we see occupancy values fluctuating between 3 and 7, which results in an increase of > 2. Similarly, in Example 4, occupancy oscillates with a decreasing trend, resulting in an increase. Example 5 shows the occupancy changing randomly.

Now, in the new data, the occupancy is initially decreasing from 2.75 to 1, then increasing from 1 to 5.89, then decreasing. The occupancy values at the end are around 6-7. Looking at the overall trend and last values of occupancy, it could decrease. However, from examples, it seems that the change in occupancy is quite random given the data. Hence, given the fluctuation of the occupancy values and observing from the previous examples, the occupancy change is likely to be within [-2, 2]. Therefore, the prediction is 1.",620,0,"[104, 311, 77, 466, 304]"
-1,Few-shot LLM prediction failed.,626,2,"[18, 93, 243, 311, 378]"
-1,Few-shot LLM prediction failed.,621,2,"[39, 144, 254, 420, 14]"
-1,Few-shot LLM prediction failed.,622,2,"[233, 470, 441, 338, 140]"
1,"Let's analyze the occupancy data. The occupancy values over the 12 time steps are: 5.15, 10.86, 2, 8.76, 5.44, 0, 4, 1, 8.66, 3.19, 2.29, 6.56. 

Several patterns emerge from the examples that can guide the prediction:

1.  **Solar Radiation and Intensity:**  High solar radiation and intensity often correlate with higher occupancy during peak hours. This new data shows relatively high solar radiation and intensity, though somewhat lower than some of the 'increase' examples. 

2.  **Fluctuations:**  The provided examples show that significant up and down fluctuations of occupancy exist regardless of next-hour change. In this instance we see multiple significant occupancy changes from one time step to the next.

3. **Last few data points:** The last few data points are 8.66, 3.19, 2.29, 6.56. The change between the second last and last is 2.29 to 6.56, an increase. We also see a decrease between steps 8 and 9 of ~5.5 and an increase between steps 10 and 11 of 4.27. These changes are indicative of the data fluctuating. Overall, the data has fluctuated from 2 to 10.86 over the time series, and the last few data points are within that range. Without a very strong increasing or decreasing trend in the last few steps and given the already fluctuating nature of the data, it is most likely that the change will be within [-2, 2].

Therefore, I predict that the occupancy change for the next hour will be within the range of [-2, 2].",623,1,"[517, 343, 533, 91, 179]"
-1,Few-shot LLM prediction failed.,624,0,"[123, 41, 17, 448, 452]"
1,"The provided examples all have labels indicating 'Occupancy changes within [-2, 2]'. Let's analyze the occupancy values in the new data. We have a mix of occupancy values ranging from 0 to 10.23. We need to determine if the trend in occupancy suggests an increase or decrease. Looking at the last few data points (time steps 8 to 11), the occupancy values are 9.05, 2.88, 3.14, and 8.44. There is no clear trend of consistent increase or decrease. The fluctuations observed in the last few data points are similar to those seen in the training examples. Therefore, based on the examples and the absence of a strong increasing or decreasing trend in the current data, it's likely that the change in occupancy will fall within the [-2, 2] range.",627,1,"[297, 306, 263, 568, 224]"
-1,Few-shot LLM prediction failed.,630,2,"[499, 331, 91, 143, 526]"
1,"The Occupancy values in the new data fluctuate, with a few values above 7 and many between 3 and 7. In the previous examples, when the occupancy fluctuates and the intensity has variations, but overall does not consistently climb up or down, the occupancy change tends to fall within the [-2, 2] range. Specifically, the Occupancy values in the last few time steps are 0, 6.98, 5.55 and 8.85. Considering these fluctuations and the patterns observed in the provided examples, it is reasonable to predict that the occupancy change in the next hour will be within [-2, 2].",628,0,"[301, 463, 331, 536, 211]"
-1,Few-shot LLM prediction failed.,629,2,"[359, 165, 231, 111, 404]"
1,"Let's analyze the recent occupancy values: 2.6, 8.47, 3.25, 7.62, 5, 0, 1.5, 0, 4.11, 2.06, 3, 5.56. The occupancy values fluctuate, but there isn't a consistently upward or downward trend in the last few time steps. The last occupancy value is 5.56. Compared to the prior examples, this data shares characteristics with examples 1, 2, and 5, where the occupancy changes within the range of [-2, 2]. The temperature is relatively stable, and the solar radiation values are within a moderate range. Therefore, it's reasonable to predict that the occupancy change will be within [-2, 2] for the next hour.",635,1,"[475, 63, 241, 432, 212]"
-1,Few-shot LLM prediction failed.,633,2,"[246, 15, 80, 279, 451]"
-1,Few-shot LLM prediction failed.,631,1,"[111, 201, 147, 458, 88]"
1,"Let's analyze the provided data to predict the occupancy change. 

1. **Overall Occupancy Trend:** The occupancy values fluctuate, with some periods of increase and decrease. The sequence ends with an Occupancy of 0 at time step 11, following several non-zero occupancy values.

2. **Intensity and Occupancy:** We observe a correlation between 'intensity' and 'Occupancy'. High 'intensity' values often correspond to higher 'Occupancy', but the relationship isn't strict.  The high variance of intensity might not indicate a significant pattern.

3. **Similar Examples:** Comparing to the given examples, the current data resembles Example 1, Example 2, Example 4, and Example 5, where after some fluctuations in Occupancy it falls down to 0. 

4. **Conclusion:** Considering the recent fluctuation and eventual drop to 0 at timestep 11 after varying preceding occupancy levels, similar patterns can be observed in example datasets 1, 2, 4 and 5, the occupancy change will likely be in the range [-2, 2]. Therefore, the prediction is 1.",634,1,"[406, 522, 325, 84, 17]"
-1,Few-shot LLM prediction failed.,632,0,"[436, 51, 153, 245, 391]"
-1,Few-shot LLM prediction failed.,636,0,"[374, 106, 414, 295, 179]"
1,"Let's analyze the occupancy values in the new data. The occupancy values fluctuate throughout the 12-hour period: 1.75, 0.5, 6.21, 3.06, 3.57, 5, 6.08, 2.92, 0, 7.18, 6.2, 6. The occupancy seems to be recovering from a low (0 at time step 8) and oscillates around a value between 3 and 7. Given the final occupancy value is 6 and the previous value at index 10 is 6.2, it seems that the change in the last few time steps is small. Thus, it's plausible the occupancy will change within [-2, 2] for the next hour.",640,1,"[353, 62, 240, 545, 334]"
1,"Let's analyze the provided data and compare it to the examples to predict the occupancy change. 

*   **Occupancy Trend:** In the new data, the occupancy fluctuates between 0 and 7, with some spikes and dips. The last few values are relatively stable (3.06, 3.57, 5).
*   **Environmental Factors:** The temperature is relatively high and consistent (13.3 to 18.3). The humidity is low (14 to 24). Solar radiation and intensity vary but are generally moderate.
*   **Example Comparison:**
    *   Examples 1, 2, 3, and 5 all had occupancy changes within [-2, 2]. These examples generally exhibited fluctuating occupancy values with no clear increasing or decreasing trend at the end of the 12-hour period. Example 1 had low temperatures, while example 2 had high intensity readings. Example 5 had temperature similar to the new data, and fluctuating occupancy at the end of the period.
    *   Example 4 resulted in Occupancy decreasing by >2. It showcased high occupancy values towards the end (18.14, 15.3, 10.82) before the drop.

*   **Prediction:** Considering the relatively stable occupancy values at the end of the 12-hour window, and similarities to Examples 1, 2, 3, and 5, it's likely that the occupancy change will be within [-2, 2]. Therefore, the prediction is 1.
",639,1,"[494, 136, 475, 264, 90]"
2,"Let's analyze the provided data to predict the occupancy change. 

1. **Occupancy Trends:** We observe the 'Occupancy' values fluctuate, with a significant increase in the last reading (Time_Step 10) to 15.71, before dropping back to 0 at Time_step 11. 

2. **Intensity:** The 'intensity' values are generally moderate to high, indicating traffic flow.

3. **SolarRad:** The 'SolarRad' values are also high, suggesting daytime conditions.

4. **Comparison to Examples:**
    *   Examples 3 and 5 showed increases by >2 when there were high occupancy values followed by 0, and relatively high intensity values.

5. **Prediction:** Given the relatively high intensity and a recent occupancy value increase to 15.71, with solar radiation present, it is likely that the occupancy will increase by more than 2 in the next hour. The model output drops back to 0 at the very last time step, so that by itself does not drive the model to the prediction of an increase. However, overall values and the trend of the recent observation suggests that the next hour's occupancy will increase by more than 2. Thus, the model returns 2.",637,2,"[506, 102, 377, 106, 11]"
0,"Let's analyze the occupancy trend in the last few time steps of the new data. 

*   Time step 8: Occupancy = 2.00
*   Time step 9: Occupancy = 5.65
*   Time step 10: Occupancy = 2.78
*   Time step 11: Occupancy = 0.00

We observe a decreasing trend in occupancy in the last two steps, with a drop from 2.78 to 0.00.  Looking back further, there's a wide range of occupancy values, but the final value of 0 suggests a potential continuation of this decreasing trend.

Considering the provided examples: Example 4 shows a decreasing occupancy from 4.21 -> 1.12 -> 1.43 -> 4.06 and label 'Occupancy decreases by >2', although the general trend is increasing and decreasing. Example 3 has Occupancy decreasing from 5.89 -> 0.00 with label 'Occupancy increases by >2', despite a steep final drop. Since we have a decrease in the last time step to 0, it's unlikely to increase by >2 next step.
Based on the sharp decrease to 0 in the last time step, the most probable scenario is a continued low occupancy or a slight increase. Considering the provided examples, the best choice appears to be a further decrease, since the last value is already zero. Therefore, predicting the 'Occupancy decreases by >2' seems most suitable. The final values are already zero, indicating that the occupancy will stay low, causing a decrease relative to earlier values.",642,2,"[276, 153, 234, 43, 144]"
0,"Let's analyze the occupancy data. The last two occupancy values are 21.07 and 0. This suggests a huge decrease in occupancy at the end of the 12-hour period. Looking at the examples, Example 2 and 5 have the last occupancy value as 0 and the one before as a high number like 13.83 and 10.68 respectively. Both these are followed by a 'Occupancy decreases by >2' label. This could be a pattern.",641,2,"[105, 127, 86, 356, 260]"
-1,Few-shot LLM prediction failed.,638,1,"[160, 10, 277, 280, 240]"
-1,Few-shot LLM prediction failed.,643,0,"[461, 551, 356, 470, 202]"
1,"Let's analyze the occupancy data. The occupancy values in the last few time steps (8 to 11) are 8.74, 3.62, 4.57 and 6.94. There isn't a clear increasing or decreasing trend. The value at timestep 11 is 6.94. Based on the previous values, it's difficult to say if there will be a large change. Therefore a small change within [-2, 2] seems most likely. Examples 3 and 5 show that an increase follows periods of low occupancy, but the variation here is not that pronounced, and temperature and NO2 values do not suggest drastic changes either. Example 4 provides a reasonable template for a small variation within the [-2, 2] range, as the occupancy at step 11 is 6.94, and other parameters don't suggest a big change.",647,0,"[279, 364, 466, 232, 365]"
2,"The provided data exhibits a pattern similar to examples 1 and 4 where the occupancy initially fluctuates, then drops to 0 at timestep 5, rises again, and subsequently drops to 0 at timestep 11.  In examples 1 and 4, this pattern was followed by an increase in occupancy greater than 2. Specifically, in the new data, the occupancy values are 5.07, 6.71, 3.63, 3.75, 20.85, 0, 5.8, 9.33, 2.5, 8.3, 3.33, 0. The rise to 20.85 at timestep 4 followed by a drop to zero at timestep 5 is quite similar to the patterns in examples 1 and 4. Also note the presence of SolarRad values, similar to examples 1 and 4, which also saw an increase in occupancy. Therefore, based on these patterns, I predict that the occupancy will increase by more than 2 in the next hour.",646,2,"[250, 367, 109, 334, 58]"
2,"The occupancy values show a significant increase, with some values exceeding 15 at timestep 10. The values start low and increase sharply. Similar patterns of increasing occupancy followed by a sharp drop to zero at time step 11 were observed in Example 3 and Example 4. Furthermore, there is a considerable increase of Occupancy value on timestep 10, which is similar to example 3 and 4. Therefore, the occupancy is likely to increase by >2.",649,2,"[303, 122, 445, 273, 38]"
1,"Let's analyze the given data to predict the occupancy change. 

*   **Occupancy Trend:** The occupancy values fluctuate significantly, ranging from 0 to 20.85 within the 12-hour period. There isn't a clear upward or downward trend in the last few time steps.
*   **NO2 Levels:** NO2 levels are generally moderate to high, with some spikes (e.g., time step 3 with 129). 
*   **Temperature:** The temperature is relatively stable, hovering between 13 and 17 degrees Celsius.
*   **Other Factors:** Wind speed is relatively low to moderate. Solar radiation is also relatively low, suggesting it's not a major driver in this scenario.

Considering the examples:

*   Examples 1 and 2 showed increasing occupancy by >2, but they had consistently low occupancy values before the increase.
*   Example 3 showed occupancy changes within [-2, 2], and its occupancy values also fluctuated but remained relatively low.
*   Example 4 showed occupancy decreases by >2.  The occupancy values were relatively high and then experienced a notable drop.
*   Example 5 showed occupancy changes within [-2, 2] and its occupancy values are relatively low.

In our new data, the occupancy values fluctuate from 0 to 20.85.  The last few occupancy values are 20.85 and 0.  Since the last occupancy is zero, it is difficult to say that the occupancy will decrease by >2. Because of the higher fluctuations of the occupancy values observed in the data set, it is unlikely to increases by >2 and more likely to change within [-2, 2].",645,2,"[125, 310, 295, 432, 498]"
1,"Let's analyze the recent occupancy values from the new data: 4.88, 0.5, 7.13, 4.0, 3.0, 5.17. There's quite a bit of fluctuation. The average of these six values is approximately 4.11. Comparing this to the previous six values: 0, 2.56, 9.38, 3.5, 10.6, 4.4. It shows a large fluctuation between 0 and 10.6 with an approximate average of 5.07. There doesn't appear to be a strong trend up or down based on this limited recent data. The Occupancy values at the end are around 3 and 5, which is not a very high or low value compared to the range seen in the past 12 time steps. Also, there is no consistent increase or decrease pattern throughout the last few time steps. Comparing to the examples, the examples with small changes fluctuate around a central value. Therefore, a change within [-2, 2] is more probable.",651,0,"[542, 90, 565, 420, 227]"
-1,Few-shot LLM prediction failed.,654,2,"[384, 516, 282, 323, 517]"
-1,Few-shot LLM prediction failed.,644,0,"[412, 20, 115, 83, 386]"
-1,Few-shot LLM prediction failed.,653,2,"[271, 553, 403, 288, 186]"
0,"Let's analyze the occupancy data in the provided example. The occupancy values are as follows: 7.97, 7.71, 3.92, 5, 15.43, 0, 4.4, 10.6, 3.5, 9.38, 2.56, 0.

Notice a sharp decrease in occupancy around Time_Step 5 (from 15.43 to 0), and again from Time_Step 10 to 11 (from 2.56 to 0). The occupancy is generally fluctuating, but trending toward zero toward the end of the time series. Because of the fact that the last occupancy measurement is zero, I will predict a decrease of greater than 2. Therefore, the predicted change in occupancy is 'decreases by >2'.",650,2,"[343, 207, 4, 477, 196]"
-1,Few-shot LLM prediction failed.,648,1,"[459, 414, 183, 392, 86]"
-1,Few-shot LLM prediction failed.,652,2,"[339, 545, 208, 490, 465]"
1,"Let's analyze the given data to predict the occupancy change. We observe the following:

*   **Occupancy Values:** The occupancy values fluctuate, starting at 5.21, peaking at 9.67, then dropping to 2, rising again to 8.5, decreasing to 0 at Time_Step 5, increasing to 2.12 and decreasing again to 0.5 at time_step 7. After that the occupancy increases and the last reported occupancy is 4.89 at Time_Step 11.
*   **Intensity:** The intensity values are generally moderate, with some periods of high intensity and some very low. Notably, intensity is 0 at Time_Step 5.
*   **Temperature:** The temperature varies from 3.4 to 11.4.
*   **NO2:** NO2 levels fluctuate, ranging from 57 to 166.

Considering these factors and comparing to the examples, there isn't a consistent trend towards a large increase or decrease. Examples 1, 2, 4 and 5 are labelled as Occupancy changes within [-2, 2]. Example 3 is labeled Occupancy decreases by >2, however in this case the occupancy reaches a high value and then plummets to zero, which is not happening in the new data.

Therefore, the most likely scenario is that the occupancy change will be within the [-2, 2] range.",655,0,"[92, 489, 139, 52, 216]"
-1,Few-shot LLM prediction failed.,657,2,"[132, 342, 231, 177, 378]"
-1,Few-shot LLM prediction failed.,659,0,"[49, 419, 180, 477, 280]"
-1,Few-shot LLM prediction failed.,656,2,"[94, 479, 286, 261, 355]"
1,"Let's analyze the occupancy data. The occupancy values fluctuate between 0 and 9.21. Notice that steps 0-4 occupancy changes from 7.56 to 9.21 then at step 5 it falls back to 0 which represents a relatively large change. Then it fluctuates until it falls back to zero at step 11 again.

Now let's compare the above with the examples. 
Example 1 shows a case where although the occupancy jumps around between 0 and 26, the label is Occupancy increases by >2. Here there are some rapid changes with moderate occupancy values.
Example 2 the occupancy values are all small and mostly stay below 3. Similarly, the label is Occupancy changes within [-2, 2].
Example 3 has similar occupancy values but the label is Occupancy changes within [-2, 2].
Example 4 has occupancy values between 0 and 7, and the label is Occupancy increases by >2.
Example 5 again has values between 0 and 10 but the change is labeled as Occupancy changes within [-2, 2].

Based on these observations, it appears that the magnitude of recent changes in occupancy affects the label more than the absolute occupancy value. The final values in the new data are tending towards zero. Compared to example 2 and 5 it is more likely to fall into the range [-2, 2].",658,2,"[170, 15, 399, 452, 436]"
-1,Few-shot LLM prediction failed.,660,2,"[422, 241, 265, 229, 209]"
-1,Few-shot LLM prediction failed.,661,2,"[326, 72, 272, 279, 44]"
1,"Let's analyze the Occupancy values in the new data. The occupancy values fluctuate between 0 and 4.33. The final occupancy value is 2.39. Compared to the prior examples, the fluctuations and absolute values of the occupancy are within a relatively small range. In examples 2 and 5, the occupancy values also exhibit relatively low magnitudes and fluctuation ranges (generally staying below 3), and both of these were categorized as 'changes within [-2, 2]'. Therefore, based on the patterns observed in the training examples, I predict that the occupancy change for the next hour will also be within [-2, 2].",667,1,"[160, 31, 346, 274, 198]"
-1,Few-shot LLM prediction failed.,662,1,"[523, 152, 80, 460, 122]"
1,"Let's analyze the new data to predict the change in occupancy. The occupancy values fluctuate between 0 and 4 in the provided 12-hour window. 

*   **Initial State:** The occupancy starts at a low value (0.83) and increases to 2.
*   **Zero Occupancy:** There are time steps where occupancy is zero, indicating periods with no traffic.
*   **Fluctuation:** The occupancy values generally fluctuate in a small range.
*   **Intensity:** The intensity values are also fluctuating, reaching maximums of around 450. However, there's no clear correlation between high intensity and significant occupancy increase.
*   **Final Occupancy:** The last few occupancy readings are 2.3 and 0. This indicates the traffic isn't consistently increasing or decreasing drastically. The current occupancy is 0.

Comparing to the examples:

*   Examples 1, 2, and 3 show an increase in occupancy of >2, but these examples show a trend of generally increasing occupancy over the 12 hour period and also have a nonzero occupancy value at the final time step.
*   Examples 4 and 5 show the change in occupancy being within [-2, 2].

Based on the fluctuations and the final occupancy values being low, and given the absence of a clear upward or downward trend and the examples, it is reasonable to believe the occupancy change will be within the range of [-2, 2] for the next hour. Therefore, the prediction is 1.",669,2,"[517, 129, 349, 60, 324]"
1,"The occupancy values in the last few time steps of the new data are fluctuating. The occupancy goes from 1.43 at time step 9, to 5.09 at time step 10, and then to 0 at time step 11. Examples 1, 2, and 5 all show similar patterns of fluctuating occupancy values followed by a label indicating that occupancy changes are within the range of [-2, 2]. Examples 3 and 4 show consistently higher occupancy values and greater intensity, leading to a conclusion of increases by >2. The new data resembles the characteristics of examples 1, 2, and 5 more closely. Therefore, a prediction that occupancy changes within the range of [-2, 2] is most appropriate.",665,2,"[90, 482, 531, 553, 106]"
1,"Let's analyze the recent occupancy data to predict the occupancy change. The occupancy values in the last few time steps (8-11) are 3.89, 1.06, 2.14, and 2.39. These values fluctuate, but don't show a consistently increasing or decreasing trend. Looking at the other features, there isn't a clear indication of a significant change either. NO2 is relatively stable. SolarRad and intensity are low. Temperature and humidity also do not present an alarming change that would result in occupancy change greater than the [-2,2] margin.

Considering the examples, we can see that when the last few occupancy values are relatively stable and other features don't exhibit extreme values, the occupancy change tends to be within [-2, 2]. For example, in Example 1 and 2 the occupancy changes were also within [-2, 2].

Therefore, based on the recent occupancy trend and the lack of significant changes in other features, the occupancy change is likely to be within [-2, 2].",663,2,"[396, 13, 539, 490, 368]"
-1,Few-shot LLM prediction failed.,664,1,"[305, 298, 129, 529, 299]"
1,"The occupancy values in the new data fluctuate, with the final occupancy at Time_Step 11 being 3.21. Looking at the trends in the examples, a change within [-2, 2] typically occurs when the occupancy values are generally low and don't exhibit a consistently increasing or decreasing trend across the last few time steps. Comparing to Example 1, Example 3, Example 4, and Example 5, those demonstrate occupancy changes within [-2, 2], where the occupancy fluctuates. Example 2 shows occupancy increasing by >2 with overall higher occupancy readings, especially in the recent time steps, which isn't the case for our new data. The new data has similar characteristics to the occupancy pattern from these example that resulted in the occupancy change falling in the range of [-2, 2]. Therefore, I predict the occupancy change to be within [-2, 2].",668,1,"[287, 5, 419, 292, 109]"
-1,Few-shot LLM prediction failed.,670,1,"[386, 334, 301, 314, 550]"
-1,Few-shot LLM prediction failed.,671,1,"[282, 208, 342, 552, 433]"
1,"The occupancy values in the new data are consistently low, ranging from 0 to 1.5. This is similar to Example 1, where the occupancy values were also relatively low (around 0 to 3) and the label indicated a change within [-2, 2]. In contrast, Examples 2 and 4 involved significantly higher occupancy values and resulted in 'decreases by >2' and 'increases by >2', respectively. Example 3 also has somewhat higher occupancy values than the new data, and also resulted in a label of 'changes within [-2, 2]'. The consistent low occupancy values in the current data suggest that the occupancy will likely remain within a similar range in the next hour, leading to a predicted change within [-2, 2].",675,1,"[209, 451, 559, 226, 527]"
-1,Few-shot LLM prediction failed.,673,1,"[543, 391, 52, 242, 147]"
1,"The occupancy values in the provided data are consistently low, fluctuating around 0 and 2. The 'intensity' values are also generally low, indicating low traffic. There is no consistent trend of increasing or decreasing occupancy across the 12 time steps. Comparing this to the examples, it most closely resembles examples 1, 2, and 5, where the occupancy changes are within the range of [-2, 2] due to the relatively stable and low occupancy values.",676,1,"[52, 72, 6, 361, 409]"
1,"The occupancy values in the given data are consistently low, close to zero, across all time steps. The intensity and SolarRad values are also quite low, indicating low activity. Comparing this pattern with the examples, this scenario is most similar to Example 3, where the occupancy values are also consistently low and fluctuate within a small range. In Example 3, the label is 'Occupancy changes within [-2, 2]'. Therefore, based on this similarity, the predicted change in occupancy for the next hour would also be within the range of [-2, 2].",678,1,"[257, 137, 110, 240, 224]"
-1,Few-shot LLM prediction failed.,666,1,"[516, 12, 236, 420, 85]"
-1,Few-shot LLM prediction failed.,672,1,"[128, 17, 349, 286, 309]"
1,"The occupancy values in the new data are consistently low, fluctuating between 0 and 3.25. There is no clear increasing or decreasing trend that resembles the patterns in Examples 2, 3, or 5, where occupancy increases or decreases by a large margin. Example 1 and 4 features occupancy mostly in the range observed in the new data. Given the relatively small fluctuations in occupancy within the observed time frame, it is most probable that the change in the next hour will also fall within the range of [-2, 2].",681,1,"[515, 171, 432, 500, 343]"
1,"Let's analyze the occupancy data. The provided data shows occupancy values consistently low and close to zero throughout the 12 time steps. The occupancy ranges from 0 to 2.2. There is no indication of a sustained upward or downward trend. Comparing to the examples:

*   Example 1 had some higher occupancy values which decreased, and resulted in occupancy increasing. Therefore, this example is less similar.
*   Example 2 had occupancy values around 5 to 15, which increased and resulted in a prediction of increased occupancy. Thus, this is not relevant.
*   Example 3 had consistently low occupancy values that decreased, which led to a prediction of decreased occupancy. The initial Occupancy values are slightly higher here. Thus, this example might be useful to reference.
*   Example 4 has generally low Occupancy values, close to the values in the new data. There is no sudden increase or decrease. Thus, the Occupancy value changed within [-2,2].
*   Example 5 contains higher Occupancy values which stay generally within the same range and therefore result in changes within [-2,2]. Thus, it is not relevant.

Given the consistently low occupancy values with no clear upward or downward trend, a change within [-2, 2] is the most likely outcome.",677,1,"[563, 345, 91, 40, 556]"
1,"The occupancy values in the provided data are consistently low, fluctuating between 0 and 3.25. There are several instances of occupancy being 0. Looking at the examples, Example 2 has similar characteristics - low occupancy values and the label is 'Occupancy changes within [-2, 2]'. Given the consistently low occupancy in the new data and the similarity to Example 2, it's likely that the occupancy will remain within a similar range in the next hour. Therefore, the prediction is that the occupancy change will be within [-2, 2].",682,1,"[369, 303, 3, 575, 552]"
1,"The occupancy values in the new data fluctuate between 0 and 1.40. The intensity values are relatively low, mostly below 100. The temperature fluctuates as well. Similar to Examples 2, 3, 4 and 5, where occupancy changes were within [-2, 2], the occupancy in the current data also appears to remain relatively stable. Given the generally low occupancy and intensity values, and the lack of drastic changes in other features, it is unlikely that occupancy will increase or decrease by more than 2 in the next hour. Therefore, I predict that the occupancy change will be within the range of [-2, 2].",680,1,"[119, 14, 252, 295, 94]"
1,"The occupancy values in the provided data are consistently very low, hovering around 0. Example 4 also exhibits similar behavior with occupancy values close to 0 and the label is ""Occupancy changes within [-2, 2]"". Furthermore, the intensity values in the new data are also generally low, similar to Example 4 where the SolarRad values are low and the intensity values are also low. Based on the consistent low occupancy and low intensity, I predict that the occupancy change will be within the range of [-2, 2].",674,1,"[436, 69, 389, 402, 425]"
1,"The occupancy values in the provided data are consistently low, hovering around 0 and 1. The 'intensity' values are also generally low. Comparing this to the examples, we can observe the following:

*   Examples 2 and 5 also exhibit similar characteristics with generally low occupancy and intensity values, and their labels are ""Occupancy changes within [-2, 2]"".
*   Example 1 shows higher occupancy values and varying intensity, and its label is also ""Occupancy changes within [-2, 2]"". This suggests that the absolute values aren't the sole determinant. The consistent nature of the low values appears to be a stronger indicator.
*   Example 3 shows higher occupancy in the range of 2-6. This data also shows higher levels of SolarRad and Intensity, and its label is ""Occupancy decreases by >2"". Since our new data does not have similar patterns, this example is less relevant.
*   Example 4 shows higher occupancy and the label is ""Occupancy changes within [-2, 2]"".

Based on the overall pattern of the new data and similarities with examples 2, 4 and 5, it's likely the occupancy will remain relatively stable, with changes within the range of [-2, 2].",679,1,"[372, 290, 64, 431, 95]"
-1,Few-shot LLM prediction failed.,683,1,"[296, 157, 26, 166, 452]"
1,"Let's analyze the provided data to predict the occupancy change. Here's a step-by-step breakdown:

1. **Overall Low Occupancy:** The Occupancy values in the provided data are generally low, mostly near 0. This suggests the road is relatively uncongested.

2. **Fluctuations around Zero:** The occupancy fluctuates from 0 to around 2.08. There is no consistent increasing or decreasing trend observed. The values seem to hover around 0 with minor spikes.

3. **Solar Radiation is Low:** The SolarRad values are consistently 1, indicating a night setting or heavily overcast conditions.  This, by itself doesn't dictate occupancy change directly but can influence traffic patterns indirectly.

4. **Comparison to Examples:**
    - **Example 1:** Has similar low intensity, humidity and temperature ranges and occupancy generally remains close to zero with a small positive or negative occupancy changes. This gives a strong indicator that the changes would remain in [-2,2].
    - **Example 2, 3 and 4:** Had much higher SolarRad and occupancy values and a clear indication of an increasing occupancy pattern or an occupancy change of >2. These characteristics are not present in this new data.
    - **Example 5:** Has more fluctuations in occupancy, temperature and humidity but higher SolarRad than the new data. The occupancy changes remained inside [-2,2].

5. **Conclusion:** Given the consistently low occupancy, low solar radiation, and the lack of a clear increasing or decreasing trend, I predict the occupancy change in the next hour will be within the range of [-2, 2]. Therefore, the prediction is 1.",686,1,"[506, 46, 149, 157, 440]"
1,"The occupancy values in the provided data are generally low (close to zero). Examining the recent occupancy values, they fluctuate around 0 and 1, with the final value being 0.  The solar radiation is consistently low, and intensity is also low to moderate. Comparing this to the examples: In Example 1, similar conditions resulted in 'Occupancy changes within [-2, 2]'. In Example 4 and 5, with low Occupancy, solar radiation and intensity, resulted in 'Occupancy changes within [-2, 2]'. Example 3 shows a situation that leads to Occupancy increase by more than 2, which is when there is some intensity and occupancy values that are closer to 1 or 2 than 0. Looking at Example 2, the Occupancy increases by > 2, there the intesity values are much higher (in hundreds or even thousands). Given all these observations, I predict that the occupancy change will likely be within [-2, 2].",689,1,"[481, 346, 414, 202, 34]"
1,"The occupancy values in the new data are consistently low, mostly fluctuating around 0-1.5. There is no clear trend of consistently increasing or decreasing occupancy within the observed 12-hour window. Looking at the previous examples, Example 2, Example 3 and Example 5 demonstrate similar low and fluctuating occupancy values, resulting in a label of 'Occupancy changes within [-2, 2]'. Given the similar pattern in the new data, it is reasonable to assume that the occupancy change in the next hour will also be within the range of [-2, 2]. Hence, the prediction is 1.",688,1,"[155, 103, 37, 541, 99]"
1,"The occupancy values in the new data fluctuate between 0 and 1.43. The 'intensity' values are relatively low throughout the 12-hour period. Also, the SolarRad is mostly low (1 or 3). Looking back at the examples: Example 1 has similar occupancy values and corresponding label ""Occupancy changes within [-2, 2]"". Example 2, despite having slightly higher occupancy, ends with low values and the same label. Example 3 also exhibits occupancy within a narrow range. Therefore, based on the consistently low occupancy values, low intensity, and low solar radiation, it's likely the occupancy change in the next hour will be within [-2, 2].",684,1,"[30, 82, 392, 171, 141]"
1,"The provided data shows a generally low occupancy level, mostly fluctuating around 0 and 1. There isn't a clear upward or downward trend in occupancy. The intensity values are relatively low, and there are several instances where occupancy is 0. Comparing to the examples, especially example 1 and example 5, the current scenario resembles situations where occupancy changes are within the [-2, 2] range. Therefore, predicting a change within the range [-2, 2] seems reasonable.",691,1,"[296, 313, 545, 337, 201]"
1,"The occupancy values in the given data are consistently low, mostly fluctuating around 0 and 1. The highest occupancy value is only 2.08. The intensity and solar radiation are also generally low. Comparing this with the examples, especially Examples 2, 3, 4 and 5, which exhibited consistently low occupancy and environmental factor values, and were labelled as 'Occupancy changes within [-2, 2]', it is reasonable to predict that the occupancy change for the next hour will also fall within the range of [-2, 2]. Therefore, the prediction is 1.",687,1,"[166, 510, 507, 50, 118]"
1,"The occupancy values in the provided data are consistently low, fluctuating around zero with a maximum value of 1.42. There isn't a clear upward or downward trend in the occupancy values over the 12-hour period. The intensity values are also generally low, suggesting minimal traffic flow. Comparing this to the examples, this scenario is most similar to Example 1 and Example 3 where the Occupancy changes within [-2, 2]. Therefore, it's plausible to expect that the change in occupancy in the next hour will also be within the range of [-2, 2].",685,2,"[186, 6, 84, 8, 219]"
1,"The occupancy values in the new data are consistently low, fluctuating around 0 and 1 for most of the 12-hour period. The intensity and solar radiation values are also low throughout. There aren't any significant upward or downward trends in occupancy within the observed period. Comparing this data to the examples:

*   Example 1 shows fluctuations within a small range, and the label indicates occupancy changes within [-2, 2].
*   Examples 2 and 3 show periods of higher occupancy, followed by either increases or decreases greater than 2.
*   Example 4 has consistently low occupancy values but shows an increase of >2 in the next hour.
*   Example 5 has low occupancy and predicts a decrease > 2. It's not directly comparable, as it has a more fluctuating pattern. The occupancy values in the current data are consistently low, with no large changes. Given the overall low values and lack of strong trends, it is most likely that the occupancy will change within [-2, 2].",690,1,"[182, 430, 141, 122, 20]"
1,"The occupancy values in the new data are consistently low, oscillating around zero with a few values slightly above 1 and one at 4.38. Comparing this to the examples: Example 1 shows an increase as values increase, while Example 2 has changes within [-2, 2], due to relatively low occupancy overall with small oscilations. Example 3, increase, happens with increasing occupancy values. Example 4 resembles what is given as new data the most. And Example 5 has mostly low occupancy values that oscilate. Given this, I expect the occupancy to remain within the range [-2, 2], as there is a slight oscillation around a generally low occupancy level, similarly to Example 2 and 4.",693,2,"[241, 532, 442, 193, 422]"
2,"Let's analyze the occupancy data. From Time_Step 0 to Time_Step 5, occupancy generally decreases and reaches 0. However, from Time_Step 6 to Time_Step 11, the occupancy values fluctuate but show a net increasing trend. The final occupancy value (7.67) is significantly higher than the initial value (2.76). Comparing this data to the provided examples, it resembles the patterns in Examples 1, 2, and 4 where occupancy tends to increase over the 12-hour period. Given the rising trend in the last few time steps and the relatively high occupancy at Time_Step 11, it is likely that the occupancy will increase by more than 2 in the next hour. Therefore, the prediction is 2.",695,1,"[137, 241, 459, 325, 569]"
-1,Few-shot LLM prediction failed.,692,1,"[21, 190, 384, 423, 111]"
2,"The occupancy values fluctuate significantly within the 12-hour window, starting from 8.17 and dropping to 0 at time step 2, before rising again. Although there are drops to 0 at steps 2 and 11, many of the occupancy values are above 3. Analyzing the recent trend in the last few time steps, the values are at: 2.5, 1.59, 5.36, and finally 0. Given this pattern, particularly the jump to 5.36 at step 10, it's likely that occupancy will increase by more than 2 in the next hour, particularly with the return to zero at the final time step.",697,2,"[456, 461, 314, 356, 514]"
1,"The occupancy values in the new data fluctuate, but the overall trend does not show a clear increase or decrease. The occupancy values are mostly low, around or below 2, with some occasional higher values. The last value is 0. Comparing this with the provided examples: 

*   Examples 2 and 5 show a similar pattern of low occupancy values and a final value of 0. These examples are labeled as 'Occupancy changes within [-2, 2]'.
*   Example 1 shows fluctuating occupancy values, ending on an increasing trend, but the label shows decrease.
*   Examples 3 and 4 show generally higher occupancy values with varying trends and ultimately increase.

Based on the similarity to Examples 2 and 5, especially the low occupancy values and the final value of 0, it is likely that the occupancy change will be within the range of [-2, 2]. Therefore, I predict category 1.",694,2,"[464, 198, 452, 369, 202]"
2,"The occupancy values in the provided data fluctuate, but the last value at Time_Step 11 is significantly higher (18.28) than the previous values. Looking at the examples, consistently high occupancy values towards the end of the 12-hour period tend to be followed by an occupancy increase. The intensity at the last timestep is also considerably high (677.94), which appears to correlate with increases in occupancy in the other examples. Furthermore, similar to Examples 1, 2, and 3, the occupancy values are generally low at the start, followed by higher values later, suggesting an increasing trend. Therefore, I predict that the occupancy will increase by >2 in the next hour.",699,0,"[422, 170, 173, 302, 214]"
1,"Let's analyze the 'Occupancy' values in the provided new data to predict the change in the next hour. The occupancy values fluctuate significantly throughout the 12-hour period. They range from 0 to 18.28, and the last few values are 0, 11.77, 7.55 and 10.5. This fluctuation does not seem to correlate with the other parameters in any clear manner. However, most of the examples which have fluctuating occupancy values end up in class 1 i.e. 'Occupancy changes within [-2, 2]'. The final occupancy value is 10.5. Given the fluctuating nature of occupancy in the new data, and the previous examples of similar behaviour, the prediction would be class 1.",700,1,"[282, 371, 215, 507, 249]"
0,"Let's analyze the occupancy data. The occupancy values fluctuate between 0 and approximately 8.17 in the provided data. There is a period where occupancy is 0 at Time_Step 8 and climbs up to 8.17 by Time_Step 6. Overall occupancy seems to hover around a lower value at the end. The intensity fluctuates. A key indicator might be the trend in the final few readings. Occupancy goes from 4.48 -> 4.1 -> 4.12. Furthermore, the last occupancy is 4.12. Looking at the examples, whenever the last few occupancy values are close to 0, the label tends to be occupancy decreases by >2, as seen in example 5. While it is not near 0, the current downward trend is also observed in Example 1 where the occupancy decreases by >2. Therefore, based on the trend and the overall low values compared to the high values that had initially, the occupancy will likely decrease by more than 2.",696,1,"[148, 263, 41, 252, 135]"
-1,Few-shot LLM prediction failed.,701,2,"[210, 71, 197, 77, 31]"
2,"The 'Occupancy' values in the provided data show a fluctuating but overall increasing trend over the 12 time steps. Specifically, at Time_Step 5, 'Occupancy' drops to 0. From Time_Step 6 onwards, occupancy values show an increasing trend. Considering these instances, the 'Occupancy' tends to increase following a zero value. The last recorded 'Occupancy' at Time_Step 11 is 14.56, indicating a relatively high occupancy level. Based on the observed trends, especially from examples 2, 4, and 5 where the occupancy increases significantly and then decreases to zero, and the increasing pattern of intensity, it is likely that the occupancy will increase by more than 2 in the next hour. Thus, I predict an increase of more than 2.",703,1,"[508, 161, 0, 153, 250]"
0,"Let's analyze the new data to predict the occupancy change. Several data points from the previous examples can influence the prediction.

*   **Overall Occupancy Trend**: Observing the last few occupancy values, we see a declining trend from 3.06 to 2.33 and finally to 0.00. The last value of 'Occupancy' at timestep 11 is 0.
*   **Example 3 & 4 Parallels**: Examples 3 and 4 both had relatively high occupancies at some time steps, followed by lower occupancies at the final time step, and ultimately a label indicating a decrease of more than 2.
*   **Zero Occupancy**: A significant observation is that the final 'Occupancy' value is 0. In example 5 a timestep where the occupancy hit 0, was followed by label of occupancy decreasing by > 2.

Given these points, the presence of zero occupancy and the decreasing trend, it's likely that the occupancy will decrease by more than 2 in the next hour. Therefore, I predict label 0.",698,2,"[312, 56, 264, 192, 279]"
0,"The occupancy values in the new data fluctuate significantly. We observe high occupancy values such as 11.87, 15.49, 7.5, 16, 29.11 and then a sharp drop to 0 at time step 5. The last occupancy value is 17.72. Comparing to the examples, Example 2 shows a decreasing trend when the occupancy value is high. Therefore, a reasonable prediction is a decrease in occupancy by more than 2. Because the current occupancy is high, a big drop is likely due to people leaving.",707,0,"[102, 123, 445, 297, 51]"
-1,Few-shot LLM prediction failed.,702,2,"[296, 14, 347, 545, 77]"
0,"Let's analyze the occupancy data in the new data. 

*   The occupancy values fluctuate significantly, with a large spike at time step 10 (29.11). It starts from 12.31 and goes to 18.17 at time step 1, then drops to 8.73 and rises again until time step 5 where it drops to 0. Also at time step 11, it drops to 0. The intensities are high, and the temperature and humidity fluctuate. Comparing the new data to the provided examples: 

*   Examples 1, 2, 3, and 5 all show occupancy changes within [-2, 2]. These examples often have lower intensity and less drastic changes in occupancy. Also, the occupancy values are pretty small (under 10). 
*   Example 4 demonstrates an occupancy increase greater than 2. The solar radiation values are high as well and the occupancy values are small (under 10). The humidity remains constant throughout.

*   The new data shows that the intensity is high, but the occupancy falls to 0 at time step 5 and time step 11. Taking into account the fluctuations and the high occupancy and intensity values, it is likely that the occupancy will go down by > 2 in the next hour. This is because the last occupancy value observed (29.11 at time step 10) sharply fell down to 0 at the next time step.",706,2,"[413, 206, 419, 57, 87]"
0,"Let's analyze the Occupancy data. The occupancy values are:
[5.25, 8.21, 0.0, 11.43, 11.0, 8.85, 8.83, 14.92, 6.13, 9.11, 13.64, 0.0]

From timestep 7 to timestep 8, occupancy decreases by 14.92 - 6.13 = 8.79
From timestep 8 to timestep 9, occupancy increases by 9.11 - 6.13 = 2.98
From timestep 9 to timestep 10, occupancy increases by 13.64 - 9.11 = 4.53
From timestep 10 to timestep 11, occupancy decreases by 13.64 - 0.0 = 13.64

In general, the occupancies have fluctuated by more than 2 between adjacent time steps. Therefore, based on the pattern that occupancy values tend to vary by a large amount, and there is a large drop at the last time step from 13.64 to 0.0, I predict the occupancy to decrease by > 2 for the next time step.",709,2,"[260, 307, 285, 412, 443]"
0,"The occupancy values in the given new data fluctuate significantly. We observe high occupancy values (e.g., 13.83, 11.86, 15.34, 10.3, 11.62, 12.31, 18.17, 8.73, 15.89, 19.86) and then a sharp drop to 0 at Time_Step 2 and Time_Step 11.  Looking at the last few data points, Occupancy ends at 0 at Time_Step 11.  Since there is an instance of occupancy dropping to 0 from high values within the 12 hour window itself, it's more likely that the occupancy will decrease by more than 2 in the next hour as well, dropping to a very low value (or even 0). Thus I predict the change will be decreases by >2.",705,2,"[42, 216, 78, 375, 387]"
0,"Let's analyze the occupancy data in the provided time series. The occupancy values at time steps 0 through 11 are: 6.38, 1.5, 13.29, 4.81, 6.57, 14.56, 13.83, 11.86, 0, 15.34, 10.3, and 11.62. The last several values (8-11) are generally high (above 10, except 0). Notice value '0' at time step 8. This could imply the last occupancy value will decrease significantly. Also intensity values are high. From the given options: 0 (decreases by >2), 1 (changes within [-2, 2]), or 2 (increases by >2) therefore, decreases by >2 is more likely.",704,1,"[217, 83, 121, 425, 86]"
1,"Let's analyze the occupancy pattern in the provided data. We can see a high fluctuation in Occupancy over the 12 time steps, ranging from 0 to 14.92. Many of these fluctuations are likely due to traffic lights, congestion, and other transient effects. 

Looking at the previous examples, the prediction is based on the last few occupancy values. In the current example, the last few occupancy values are 6.57, 10.11 and 0. The trend is not clearly upwards or downwards, making it difficult to predict whether the next occupancy value will increase or decrease significantly. However, since the last value is zero and most other values are between 4-14, it's likely that the Occupancy will stay within the [-2, 2] range for the next hour.

Based on this reasoning and comparing with similar fluctuation patterns in the training data, I predict the occupancy change will be within [-2, 2].",710,2,"[295, 121, 338, 553, 352]"
2,"Here's my reasoning for predicting an occupancy increase of >2:

1. **Analyzing Occupancy Trends:**  I observe significant fluctuations in Occupancy within the 12-hour period. The occupancy values range from 0 to 17.72, which implies a highly variable traffic flow. Importantly, the final three occupancy values are 0, 11.43, 11 and 8.85. The highest occupancy change occurred between timestep 8 and timestep 9 where occupancy increased from 0 to 11.43.

2. **Impact of Intensity:** The 'intensity' values are also highly variable. The final 'intensity' values are 0, 540.39, 606.35 and 1260.53 respectively. Since high 'intensity' levels generally correlate with high occupancy, it is expected that occupancy should increase, or stay relatively constant if the intensity level decreased or remained constant.

3. **Pattern Recognition from Examples:** The examples suggest that high occupancy in the later time steps tend to lead to increase in occupancy change. This aligns with observations in examples 1, 2, 3 and 5.

4. **Synthesizing the Information:** Combining the high final occupancies and the intensity values, it's more probable that the occupancy will increase by more than 2 in the next hour. The final intensity value is relatively large, implying a large occupancy, which in many of the examples, leads to a further increase in the occupancy.",708,1,"[521, 562, 50, 412, 333]"
1,"Let's analyze the provided data to predict the occupancy change. The occupancy values fluctuate throughout the 12-hour period, ranging from 0 to around 13. The first few hours show occupancy values decreasing, with a value of 11.5 at time step 0, then 6.71 at time step 1, dropping to 0 at time step 2. Then, the values climb up again around 11 to 13 and then again, at the last entry in the data at time step 11, going to 0. Considering this fluctuation, it's hard to say there will be a definitive increase or decrease of more than 2 in the next hour. The occupancy also hit 0 at different time steps. Therefore, a change within [-2, 2] seems most plausible, similar to Examples 3, 4, and 5, where occupancy also fluctuated and then dropped to 0.",713,2,"[422, 274, 297, 497, 284]"
-1,Few-shot LLM prediction failed.,712,1,"[314, 100, 156, 373, 120]"
-1,Few-shot LLM prediction failed.,714,2,"[122, 536, 444, 279, 261]"
1,"Let's analyze the occupancy data in the provided example. The occupancy values for the last few time steps are 0, 12.36, 12.05, and 11.44. While there is a significant occupancy, there isn't a clear trend of continuous increase or decrease in the last few time steps that would definitively push the change outside the [-2, 2] range. In Example 1, the occupancy values vary and the label is [-2, 2]. Similarly, in Example 2, although the occupancy reaches 3.62, the label is also [-2, 2]. Example 5 shows similar variations with a label of [-2, 2]. While the occupancy values are high in the new data, the fluctuations suggest that the change in occupancy for the next hour could plausibly be within [-2, 2], so the prediction is 1.",716,0,"[101, 518, 496, 53, 427]"
-1,Few-shot LLM prediction failed.,711,1,"[248, 109, 60, 441, 575]"
0,"Let's analyze the occupancy data. The Occupancy values for the last few time steps are 12.33, 3, 8.33, 4, 0. Observing the trend, occupancy has fluctuated but significantly dropped to 0 at the end. This suggests a likely decrease in occupancy for the next hour. Examples 1 and 3 show scenarios where a high initial occupancy is followed by a decrease, resulting in a 'Occupancy increases by >2' label. However, in those examples, the occupancy levels do not drop to 0 within the 12-hour window, before the next hour. Moreover, there is a recent significant drop (from 12.33 to 0). Based on this sharp decline and final occupancy of 0, it is likely that in the next hour, the occupancy will change drastically. Hence the occupancy decreases by >2.",718,2,"[422, 104, 541, 511, 293]"
-1,Few-shot LLM prediction failed.,715,1,"[483, 222, 441, 159, 398]"
1,"Let's analyze the occupancy data. The 'Occupancy' values fluctuate significantly throughout the 12 time steps. We observe the following occupancy values: 5.75, 5.43, 0, 11.48, 11.2, 11.29, 7.72, 12.71, 6.29, 8.68, 12.29, 0. There's no consistent trend. Several data points have occupancy values around 11-12. Considering that the final occupancy value is 0, the label is likely to be within the range [-2,2]. Similar instances can be found in Example 1, Example 3, Example 4, and Example 5 where the final Occupancy is 0 and label belongs to changes within [-2, 2].",721,2,"[186, 138, 136, 193, 232]"
1,"Let's analyze the occupancy pattern in the given data. We observe the following occupancy values over the 12 time steps: 6.00, 0.50, 11.50, 4.06, 3.43, 9.50, 5.75, 5.43, 0.00, 11.48, 11.20, 11.29. These values fluctuate significantly. 

Now, let's consider the last few occupancy values. From Time_Step 8 onwards, the Occupancy values are: 0.00, 11.48, 11.20, 11.29. There's a large increase from 0.00 to 11.48, followed by a slight decrease and then another slight increase. Considering the volatile pattern, it is difficult to predict if the Occupancy will increase by >2 or decrease by >2 with certainty. However, comparing to the provided examples, particularly examples 1 and 3 show volatile Occupancy but change within [-2,2]. This is more likely to happen, compared to very strong changes observed in examples 2 and 4.
Given the volatility, it's safer to predict that the change will be within [-2, 2].",720,0,"[195, 477, 287, 561, 168]"
-1,Few-shot LLM prediction failed.,719,0,"[437, 252, 381, 426, 8]"
0,"Let's analyze the occupancy data in the provided data. The occupancies are as follows: 7.67, 7.07, 0, 12.36, 12.05, 11.44, 9, 9.79, 5.08, 9, 9.29, 0. The trend shows occupancy increasing significantly from time steps 2 to 3, 8 to 9 and from 10 to a certain expected value for step 11. However, occupancy decreased from 0 to 5,6 to 7. The occupancy is at zero at the end of the observation period (time step 11). Given occupancy ending at 0, it is highly probable to decrease next time step. In the training set, occupancy ends at zero in first two examples with increase >2, occupancy within [-2,2] respectively. In example 3 and 4, occupancy ends in low value with increase >2 in next hour. Example 5 shows occupancy at 10.32 with change within [-2,2].

Considering the value of Occupancy at time step 11 is 0, the most likely scenario is that the Occupancy will decrease. A decrease by more than 2 is the most probable outcome because intensity is also 0 and NO2 is low, suggesting less traffic.

Therefore, the prediction is 0 (decreases by >2).",717,2,"[214, 16, 525, 181, 344]"
