prediction,reasoning,id,true_label
1,"['Observation: The occupancy at hour 11 is 2, and at hour 12 it is 3.', 'Implication: This represents an increase of 1 in occupancy from hour 11 to hour 12.', 'Observation: The change in occupancy is within the range of [-2, 2].', 'Implication: According to the classification, this categorizes as no significant change, resulting in a prediction value of 1 for the next hour.']",580,1
1,"['Observation: The occupancy data from the last hour (11th hour) is approximately at 3.', 'Observation: The occupancy data from the hour before that (10th hour) is around 5.', 'Implication: This indicates a decrease of about 2 from the 10th hour to the 11th hour.', 'Observation: The trend of occupancy shows fluctuations and remains within a narrow range between 2-5 for hours 9 to 12.', 'Implication: Given the recent trend and considering potential external factors, the occupancy is likely to remain stable or change slightly.', 'Conclusion: Based on these observations, the change in occupancy for the next hour is predicted to be within the range of -2 to +2.']",577,2
1,"['Observation: In the last hour (12), the occupancy is at 2.', 'Observation: In the hour prior (11), the occupancy was at 2 as well.', 'Implication: Since there is no change in occupancy from hour 11 to hour 12, it indicates stability.', 'Observation: The trend over the last few hours shows minor fluctuations around the value of 2.', 'Implication: The stable occupancy suggests that it is unlikely to experience a significant increase or decrease in the next hour.']",578,1
2,"['Observation: The occupancy from hour 11 to hour 12 increased from approximately 2 to 4.', 'Implication: Since the change is greater than 2, this suggests a notable increase in traffic occupancy.', 'Observation: There is a general upward trend in the occupancy data over the last few hours.', 'Implication: An upward trend indicates that the factors contributing to higher occupancy levels are likely persisting.', 'Observation: The last recorded occupancy (hour 12) is the highest in the chart.', 'Implication: This suggests that the conditions leading to increased occupancy are maintaining pressure leading into hour 13.']",584,0
1,"['Observation 1: The occupancy at hour 11 is 2.', 'Observation 2: The occupancy at hour 12 is 1.', 'Implication 1: From hour 11 to hour 12, there is a decrease in occupancy by 1.', 'Observation 3: The change in occupancy from hour 11 (2) to hour 12 (1) is within the range [-2, 2].', 'Implication 2: Therefore, the change in occupancy is categorized as 1, indicating a minor change.']",579,1
1,"['Observation 1: The occupancy value at hour 11 is around 3.', 'Implication 1: A value of 3 indicates a low level of occupancy.', 'Observation 2: The occupancy value at hour 10 is also around 3.', 'Implication 2: There was no significant change in occupancy between hour 10 and hour 11.', 'Observation 3: The pattern from hour 8 to hour 11 shows minimal fluctuations, remaining close to 3.', 'Implication 3: This tendency suggests stability in traffic levels during this period.', 'Observation 4: Hour 12 has seen small fluctuations in occupancy, remaining around 3.', 'Implication 4: We can expect similar minor changes in occupancy for hour 12 versus hour 11.', ""Conclusion: Considering the observations and implications, it's likely that the change in occupancy from hour 11 to hour 12 will be minimal, falling within [-2, 2].""]",581,2
1,"['Observation: The occupancy values for the last two hours (11 and 12) are 1.6 and 2.0, respectively.', 'Implication: Since the occupancy has only increased by 0.4 from hour 11 to hour 12, the change is within the range of [-2, 2].', 'Observation: The trend indicates a gradual increase in occupancy over the last four hours.', 'Implication: It is likely that this trend will continue, but based on the previous occupancy values, the increase will not be more than 2 for the next hour.', 'Observation: The previous occupancy values had fluctuated but demonstrated a mild upward trend.', 'Implication: Given these observations, the prediction for the next hour is that occupancy will likely remain stable or increase slightly, thereby falling within the range of changes of [-2, 2].']",583,1
1,"['Observation: The occupancy value at hour 11 is about 1.5.', 'Observation: The occupancy value at hour 12 is about 2.0.', 'Implication: The change in occupancy from hour 11 to hour 12 is an increase of 0.5.', 'Observation: The increase is within the range of [-2, 2].', 'Implication: Therefore, the prediction for the next hour (hour 13) is categorized as 1 (changes within [-2, 2]).']",582,1
1,"[""Observation: The 'Occupancy' values over the last hours show fluctuating patterns, with values around 0.5 to 1.5."", ""Observation: In the last recorded hour (12:00), the 'Occupancy' is approximately 1.5, a slight increase from the previous hour's (11:00) value of around 1.0."", 'Implication: Given this context, it is likely that the trend will continue with minor fluctuations rather than significant jumps.', 'Observation: The trend shows that while there are small increases, they typically fall within a range without drastic spikes.', ""Implication: Because the 'Occupancy' has not seen notable decreases or increases in recent hours, it will likely remain within the range of the last hour, implying a change of within [-2, 2].""]",587,1
1,"['Observation: At hour 11, the Occupancy level is approximately 2.', 'Observation: At hour 12, the Occupancy level slightly decreases to around 1.5.', 'Implication: The change from hour 11 to hour 12 shows a decrease in occupancy by approximately 0.5.', 'Conclusion: This change falls within the range of [-2, 2], categorizing the prediction as 1.']",585,1
1,"['Observation 1: The occupancy at hour 11 is around 1.0.', 'Observation 2: The occupancy at hour 12 is around 1.5.', 'Observation 3: The change in occupancy from hour 11 to hour 12 is an increase of approximately 0.5.', 'Implication: Since the change is within the range of [-2, 2], the prediction is categorized as 1, indicating minimal change.']",586,1
2,"['Observation: The `Occupancy` value at hour 11 is higher than at hour 10, indicating a trend of increasing occupancy.', 'Implication: A consistent increase in occupancy is likely to continue, based on the increasing pattern observed in the last few hours.', 'Observation: The changes in other factors like `Intensity` also show an upward trend towards hour 12, suggesting a potential increase in traffic.', 'Implication: If adjacent factors related to traffic (like intensity) are increasing, it is reasonable to expect that `Occupancy` will increase as well.', 'Observation: The `Occupancy` graph has shown fluctuations but settled at a higher value as the hours progressed from past data.', 'Implication: Given this steady growth, it is reasonable to categorize the change in `Occupancy` for the next hour as an increase of more than 2.']",588,0
2,"['Observation 1: The occupancy has been generally increasing over the last few hours, moving from around 40% at hour 9 to approximately 90% at hour 12.', 'Observation 2: There is a strong upward trend in occupancy data as shown from hour 9 to hour 12, indicating consistent increases.', 'Observation 3: The last recorded occupancy (hour 12) is significantly higher than that of the previous hour (hour 11).', 'Implication: Given the trend of increased occupancy, I predict that this upward trend will continue into the next hour (hour 13).', 'Conclusion: Therefore, the occupancy is likely to increase by more than 2%, categorizing the prediction as 2.']",592,0
0,"['Observation: The `Occupancy` value at hour 11 is approximately 2.', 'Observation: The `Occupancy` value at hour 12 is approximately 0.', 'Implication: This represents a decrease of approximately 2 in `Occupancy`, which qualifies as a decrease by >2.', 'Conclusion: Therefore, the prediction categorization is 0 (decreases by >2).']",589,1
1,"['Observation: The `Occupancy` value at hour 11 is around 4.', 'Implication: This indicates that the occupancy is relatively low when compared to previous hours.', 'Observation: The `Occupancy` value at hour 10 was approximately 3.', 'Implication: There was a slight increase in occupancy from hour 10 to hour 11, showing consistency with lower values.', 'Observation: The trend for `Occupancy` from hour 1 to hour 11 shows fluctuations but remains largely below 5.', 'Implication: Given the historical trend of `Occupancy`, it is likely to change slowly moving forward due to the previously established low levels.', 'Prediction: Therefore, considering the slight increase of 1 between hour 10 and hour 11, and the historical context, I predict the occupancy will again remain stable or move within a range not exceeding a change of ±2 for the next hour.']",593,1
1,"['Observation: The last recorded occupancy value at hour 12 is approximately 50.', 'Observation: The occupancy values in the last few hours show fluctuations, with values decreasing from around 58 at hour 10 to 46 at hour 11 before returning to 50 at hour 12.', 'Implication: Since the occupancy value at hour 12 is slightly higher than at hour 11, it suggests a small increase or stabilization.', 'Observation: The overall trend shows that the changes in occupancy are relatively small.', 'Implication: Given that the change from hour 11 to hour 12 is negligible (within the range of [-2, 2]), the prediction for the next hour (hour 13) is that the occupancy will not change significantly.', 'Conclusion: Therefore, the predicted change in occupancy from hour 12 to hour 13 is categorized as 1 (changes within [-2, 2]).']",590,1
1,"['Observation: At hour 11, Occupancy is 0.4.', 'Observation: At hour 12, Occupancy increases to 0.42.', 'Implication: The change in Occupancy from hour 11 to hour 12 is an increase of 0.02.', 'Observation: The increase of 0.02 falls within the range of [-2, 2].', 'Implication: According to the categorization criteria, a change within the range of [-2, 2] is classified as 1.']",594,1
2,"['Observation: The Occupancy has shown a general upward trend, especially in the last two hours (from hour 11 to hour 12). The occupancy value increased significantly from around 18 to 42.', 'Implication: Given the upward trajectory during the last recorded hour, it is reasonable to predict further increases in the next hour.', 'Observation: Other variables like NO2, WindSpeed, Temperature, and Humidity showed either stable or slightly increasing trends, which generally correlate with increased activity on the road.', 'Implication: Since these other environmental variables indicate stable or favorable conditions for increased occupancy, we can expect that the traffic will either maintain or experience an increase in occupancy.', 'Conclusion: Based on the consistent increase in occupancy from hour 11 to hour 12 and supporting environmental factors, I predict that the occupancy will increase further in the next hour, categorizing this as an increase by more than 2.']",591,0
2,"['Observation 1: The occupancy values from hours 11 to 12 increased from around 75 to 80.', 'Implication 1: This suggests that there is an upward trend among the occupancy rates in the most recent hour.', 'Observation 2: The general trend over the last several hours has shown an increase in occupancy, particularly reflecting a consistent rise during the last four hours.', 'Implication 2: If this trend continues, it is reasonable to predict that occupancy will further increase in the next hour, based on the historical behavior observed in the chart.', 'Observation 3: Other indicators, such as intensity, show some stability and slight increases which could correlate with higher occupancy.', 'Implication 3: A steady intensity typically supports an increase in occupancy.', 'Final Assessment: Therefore, it is predicted that occupancy will increase by more than 2 in the next hour.']",596,0
1,"['Observation: The occupancy level at hour 11 is 52, while at hour 12 it is 50.', 'Implication: Since occupancy decreased from 52 to 50, this represents a decrease of 2.', 'Observation: The change in occupancy is exactly at the threshold of -2.', 'Implication: This suggests minimal fluctuation in occupancy, leading to the classification within the range of [-2, 2].']",599,1
2,"['Observation: The occupancy has increased consistently from time 10 to time 12, moving from a value of around 45 to about 75.', 'Implication: An upward trend in occupancy suggests rising traffic or increased usage of the roadway.', 'Observation: The occupancy change from time 11 to time 12 is about 20 (from 55 to 75).', 'Implication: This substantial increase indicates that the traffic volume has risen sharply, likely leading to even more occupancy in the next hour.', 'Observation: The patterns of other related metrics (Intensity and possibly external factors) do not show drastic decline that could negatively impact the growing occupancy.', 'Implication: Given the strong previous trend, it is reasonable to predict that occupancy will continue to rise significantly in the next hour, leading to a classification of 2 (increases by > 2).']",595,0
1,"['Observation: The `Occupancy` values from hour 11 to hour 12 are 5 and 7 respectively.', 'Implication: The occupation has increased by 2 from hour 11 to hour 12.', 'Observation: The previous data shows fluctuating `Occupancy` values throughout the chart.', 'Implication: Although fluctuations have occurred, the change observed from hour 11 to hour 12 falls within the range of [-2, 2].', 'Observation: The trend does not indicate a significant increase or decrease in `Occupancy` which suggests stability.', 'Implication: The prediction for the next hour is categorized as changes within [-2, 2], resulting in a prediction value of 1.']",597,1
1,"['Observation: The `Occupancy` levels are observed to fluctuate throughout the 12-hour period, with values ranging from approximately 45 to 60.', 'Observation: In the last hour, at time 12, the `Occupancy` is at 60.', 'Implication: The last hour observed a peak in `Occupancy`, indicating potentially increased traffic activity.', 'Observation: In the previous hour (hour 11), the `Occupancy` was at around 58.', 'Implication: The change from hour 11 to hour 12 is an increase of 2, which is within the defined threshold of [-2, 2].', 'Final Analysis: Based on the trend of `Occupancy`, it seems to stabilize around higher values, suggesting a minor increase or stability rather than a significant drop or rise. Thus, the prediction categorizes this change as 1.']",598,1
1,"[""Observation: The chart shows the 'Occupancy' data for 12 hours. The values for the last hour (12) is approximately 44%."", ""Observation: In the hour before that (11), the 'Occupancy' was around 41%."", ""Implication: The change in 'Occupancy' from hour 11 to hour 12 is an increase of about 3%."", ""Observation: The overall trend in 'Occupancy' from hour 1 to hour 12 displays fluctuations but remains relatively stable."", 'Observation: The previous change from hour 10 to 11 was a decrease, indicating variability but a general tendency to hover around the mid-40’s percent range.', 'Implication: Given the increase of 3% from hour 11 to hour 12, this change classifies as an increase by >2.']",600,1
1,"['Observation 1: In the chart, the Occupancy shows a fluctuating pattern over the time interval from hour 1 to hour 12.', 'Implication 1: The values of Occupancy do not exhibit a consistent upward or downward trend but vary between hours.', 'Observation 2: In the last hour (hour 12), the Occupancy value is higher compared to some previous hours but lower than a peak value observed earlier around hour 7.', 'Implication 2: Since the last hour shows a slight increase compared to the prior hour (hour 11), and given the absence of a significant decline in values prior to that, it suggests stability.', 'Observation 3: Comparing hour 12 to hour 11, the change in Occupancy is minimal, within the range of [-2, 2].', 'Implication 3: Therefore, this leads to the conclusion that the traffic occupancy will not decrease substantially but is likely to remain relatively constant.']",602,1
1,"['Observation: The Occupancy starts at around 300 and fluctuates slightly, showing changes between approximately 250 and 350 through the hours.', 'Observation: In the last hour (hour 12), the Occupancy is about 250.', 'Implication: Since the values in the previous hour (hour 11) were around 300, the change from hour 11 to hour 12 shows a decrease.', 'Observation: The fluctuation of Occupancy has remained relatively stable around the 250 mark in the last few hours, indicating it generally does not change drastically.', 'Implication: Since the decrease from hour 11 to hour 12 is 50, this exceeds the decrease of >2, indicating a consistent downward trend.', 'Conclusion: Because the change is significant but not within the [-2, 2] range, it leads to a prediction of category 1 (changes within [-2, 2]) in the next hour.']",601,1
2,"['Observation: The `Occupancy` value at hour 11 is 1, while the value at hour 12 is 3.', 'Implication: Since `Occupancy` increased from 1 to 3, this is an increase by more than 2.', 'Observation: The trend in `Occupancy` has generally been increasing leading up to hour 12, with prior hours showing an upward movement as well.', 'Implication: If the trend continues, it is reasonable to predict a further increase in `Occupancy` for the next hour.']",606,1
1,"['Observation: The `Occupancy` started at 4 at hour 1, and fluctuated between 3 and 4 during the subsequent hours, peaking at 4 at hours 5 and 9.', 'Observation: At hour 11, `Occupancy` is at 3 and shows a slight decrease by hour 12 to 2.', 'Implication: Given the trend in `Occupancy`, it appears to be on a slight downward trajectory from hour 11 to hour 12.', 'Observation: The changes in `Occupancy` between hours 11 and 12 is -1, which falls within the range of [-2, 2].', 'Implication: Therefore, the prediction for the change in `Occupancy` for the next hour is categorized as 1.']",605,1
1,"['Observation: The occupancy value for hour 11 is approximately 170.', 'Implication: This indicates a relatively high occupancy level at that hour.', 'Observation: The occupancy value for hour 12 is approximately 175.', 'Implication: This shows a slight increase in occupancy compared to the previous hour.', 'Observation: The change from hour 11 to hour 12 is approximately 5.', 'Implication: Since the change is greater than 2 and is an increase, it suggests traffic is trending upwards.', 'Observation: Looking at the trend across previous hours shows fluctuations in occupancy, but within the hour 11 to hour 12 change, the trend is still consistent with slight increases.', 'Final Thought: Since the increase is more than 2 but still not a strong uptick, the change is classified as within [-2, 2]. Thus, the final prediction is categorized as 1.']",604,0
1,"['Observation: The `Occupancy` value at hour 11 is approximately 2.', 'Implication: This indicates a low level of traffic occupancy.', 'Observation: The `Occupancy` value at hour 12 is approximately 2.5.', 'Implication: This shows a slight increase in traffic occupancy compared to the previous hour.', 'Observation: The change from 2 (hour 11) to 2.5 (hour 12) is a positive difference of 0.5.', 'Implication: Since this change is within the range [-2, 2], it suggests a stable traffic pattern, neither significantly increasing nor decreasing.']",603,1
1,"['Observation: At hour 11, the Occupancy is at 3.', 'Observation: At hour 12, the Occupancy is at 4.', 'Implication: This indicates an increase in Occupancy by 1 unit (3 to 4).', 'Observation: In the last few hours leading up to hour 12 (hours 9 to 11), the Occupancy has shown fluctuations but generally remained below 4.', 'Observation: The increase from hour 11 to 12 (1 unit) remains within the [-2, 2] change range.', 'Implication: Since the change is not greater than 2 units, the prediction is categorized as 1.']",610,1
1,"['Observation (Hour 11): Occupancy is at 4.', 'Observation (Hour 12): Occupancy increased to 6.', 'Observation: The increase in occupancy from Hour 11 to Hour 12 is 2.', 'Implication: Since the change is within the range of [-2, 2], it categorizes the change as 1.']",608,0
2,"[""Observation 1: In the last hour (hour 12), the 'Occupancy' value is at its peak compared to the previous hours."", 'Implication 1: A peak occupancy suggests high levels of traffic congestion.', ""Observation 2: The 'Intensity' has shown gradual increases leading up to hour 12, indicating more vehicles on the road."", 'Implication 2: Higher intensity often correlates with increased occupancy.', 'Observation 3: There is a consistent increase in occupancy from hours 11 to 12.', 'Implication 3: This trend suggests that the increase in occupancy will likely continue into the next hour.', ""Conclusion: Given these observations, I predict that the 'Occupancy' will increase by more than 2 units in the next hour.""]",607,0
0,"['Observation: In the last hour (Hour 12), the Occupancy is at around 4.', 'Implication: This is a decrease from Hour 11 where it was around 6.', 'Observation: The trend over the last few hours shows a consistent decrease in Occupancy, particularly from Hour 9 to Hour 12.', 'Implication: If this trend continues, it is likely that Occupancy will decrease in the upcoming hour as well.', 'Observation: The highest Occupancy in the preceding hours was around 6 at Hour 11.', 'Implication: Since from Hour 11 to 12 the value decreased by 2, a similar or larger decrease is also expected going into Hour 13, leading towards a prediction of a decrease of greater than 2.', 'Final Prediction: Therefore, I predict that the Occupancy will decrease by more than 2, categorizing as 0.']",609,1
1,"['Observation: The `Occupancy` values for hours 11 and 12 are 3 and 4, respectively.', 'Implication: The increase in value from hour 11 to hour 12 is equal to 1.', 'Observation: A change of 1 falls within the range [-2, 2].', 'Implication: Based on the categorization criteria, this predicts a change that fits into category 1.']",613,1
1,"['Observation: The Occupancy values from hours 11 to 12 show a slight increase from around 3.5 to approximately 4.', 'Implication: A change of less than 2 indicates that the traffic occupancy is stable.', 'Observation: No drastic fluctuations in the preceding hours suggest consistent traffic flow.', 'Implication: Given this stability, it is reasonable to predict that the change in occupancy will likely remain within a small range.']",614,2
1,"['Observation: The occupancy at hour 11 is 98.', 'Implication: This establishes a baseline for occupancy in the last hour.', 'Observation: The occupancy at hour 10 is 100, which is higher than at hour 11.', 'Implication: This indicates a decreasing trend in occupancy over the last two hours.', 'Observation: The overall occupancy trend has fluctuated around 100, varying between 98 and 102.', 'Implication: This consistent pattern suggests that the occupancy might stabilize or fluctuate slightly rather than change dramatically.', 'Observation: The occupancy for hour 12 shows a slight increase to 99.', 'Implication: Given that this increase is only 1 unit from hour 11, it is categorized within the range of [-2, 2].', 'Conclusion: As a result, the prediction for the next hour is that the change in occupancy will be within [-2, 2] compared to the last hour.']",611,0
1,"['Observation: The occupancy data shows minor fluctuations over the hour intervals, with values around 590 and 600.', 'Observation: Between hour 11 and hour 12, the occupancy increased from about 590 to around 600.', 'Implication: The increase from hour 11 to hour 12 is an increase of about 10 which suggests that traffic is either stabilizing or continuing to rise slightly.', 'Observation: Comparing hour 10 (around 580) to hour 11 (around 590), there was also a steady increase of approximately 10.', 'Implication: This trend indicates a consistent minor increase in occupancy over the past couple of hours.', 'Conclusion: Given the small fluctuations in the last hours, it is reasonable to predict that the occupancy will remain within the same change range (+1 to -2), leading to a categorization of 1.']",616,0
1,"['Observation 1: The occupancy was 120 at hour 11 and is 125 at hour 12.', 'Implication: This indicates a slight increase in occupancy over this period.', 'Observation 2: The previous hour (hour 11) saw a moderate increase from hour 10, where occupancy was 115.', 'Implication: This suggests a trend of gradual increase in occupancy during the last two hours.', 'Observation 3: The change from hour 11 to hour 12 is an increase of 5.', 'Implication: This change is greater than 2, pointing towards ongoing demand or flow of traffic increasing.', 'Conclusion: Based on the trend and recent changes in occupancy, I predict that the occupancy will remain relatively stable in the next hour, falling within the range of [-2, 2] compared to the last hour.']",612,0
1,"['Observation: The occupancy data shows fluctuations across the hour spans, with values ranging from approximately 2 to 5.', 'Observation: Between hour 11 and hour 12, the occupancy changes from 2 to 4.', 'Implication: This represents an increase of 2 units in occupancy during that hour.', 'Observation: The slight increase in occupancy from hour 11 to hour 12 suggests a stabilization in traffic conditions.', 'Implication: Since this increase of 2 is within the change range of [-2, 2], the prediction will categorize this as no significant change.']",617,2
1,"['Observation: Between hours 11 and 12, the Occupancy values increased slightly from around 170 to about 180.', 'Implication: This represents an increase of approximately 10, indicating that Occupancy increased by greater than 2.', ""Observation: When comparing the last hour's Occupancy (hour 12) to the hour before it (hour 11), the difference is within the range of [-2, 2] when considering the broader trends."", 'Implication: Given that the increase was notable but still not significant enough to suggest a more extreme variation, the prediction aligns with a classification of unchanged occupancy in a practical context.']",615,1
2,"['Observation: At hour 11, Occupancy is at 750.', 'Observation: At hour 12, Occupancy rises to 780.', 'Implication: The increase in Occupancy from 750 to 780 represents a change of +30.', 'Conclusion: Since this increase is greater than 2, the prediction category is classified as an increase (>2).']",621,2
1,"['Observation: The `Occupancy` line at hour 11 is higher than at hour 10 but lower than at hour 9.', 'Implication: The increase from hour 10 to hour 11 is small, approximately 1 unit.', 'Observation: At hour 12, the `Occupancy` decreases from hour 11.', 'Implication: The expected dropdown from hour 11 to hour 12 could be small based on the previous trend, likely remaining within a range of 2.', 'Observation: The fluctuations in `Occupancy` over the last few hours show minor ups and downs, suggesting stability.', 'Implication: Given the previous behavior, the change in `Occupancy` for the next hour likely remains within the range of [-2, 2].']",618,2
1,"['Observation: Between hours 11 and 12, the Occupancy is approximately 45 and 46, respectively.', 'Implication: This indicates a slight increase in Occupancy, as the value changes within the range of [-2, 2].', 'Observation: The overall trend in the last few hours shows small fluctuations in Occupancy values.', 'Implication: Given the recent slight upward movement, it suggests that the traffic occupancy is stabilizing rather than exhibiting a drastic change.', 'Observation: Other factors that could influence Occupancy, such as Intensity and NO2 levels, also show no significant changes in their recent values.', 'Implication: The stable environmental context supports the idea of minimal changes in traffic occupancy.']",620,0
1,"[""Observation: The 'Occupancy' line shows fluctuations, with values around 6-7 for most of the hours."", 'Implication: The values do not seem to change drastically hour by hour.', 'Observation: From hour 11 to hour 12, the occupancy values stay relatively stable, moving from approximately 6.5 to 6.7.', 'Implication: Since the change is within the range of [-2, 2], it suggests stability in occupancy levels.', 'Observation: Comparing the last hour (hour 12) to hour 11 shows an increase of approximately 0.2.', 'Implication: Therefore, the occupancy is expected to fluctuate within a similar range rather than show a significant rise or drop.']",619,1
1,"[""Observation 1: The 'Occupancy' values over time show fluctuations between hours 1 to 12."", ""Observation 2: Specifically, at hour 11, the 'Occupancy' value is around 8, and at hour 12 it increases to approximately 10."", ""Implication 1: The increase in 'Occupancy' from hour 11 to hour 12 indicates a change upwards."", ""Observation 3: The difference in 'Occupancy' values between hour 11 and hour 12 is 2."", ""Implication 2: Since the change in 'Occupancy' is within the range of [-2, 2], this suggests that the prediction category is 1 (changes within [-2, 2]).""]",626,2
2,"['Observation 1: At hour 11, the Occupancy value stands at approximately 250.', 'Implication 1: A value of 250 indicates a relatively low traffic occupancy level at this hour.', 'Observation 2: At hour 12, the Occupancy value rises to around 350.', 'Implication 2: An increase to 350 signifies a considerable rise in traffic occupancy, demonstrating a strong increase from the previous hour.', 'Observation 3: The difference between hour 11 and hour 12 is 100.', 'Implication 3: Since the value change is greater than 2, it meets the criteria for an increase larger than 2.', 'Conclusion: Based on the trends, we expect that the traffic occupancy will continue to rise, thus categorizing the prediction as an increase.']",622,2
1,"['Observation: The occupancy is steady from hour 1 to hour 12 with minor fluctuations, showing values hovering around 5 to 8.', 'Implication: Since the last two hours (11 and 12) show occupancy values of 8 and 7 respectively, there is a slight decrease of 1 in the last hour.', 'Observation: There is no significant contributing factor from other measurements (NO2, WindSpeed, Temp, Humidity, SolarRad, Intensity) that suggests drastic changes affecting occupancy.', 'Implication: The lack of major changes in environmental conditions indicates the occupancy remains within a small range.', 'Conclusion: Considering these points, the change in occupancy for the next hour is likely to remain stable, leading to a prediction of change within the range of [-2, 2].']",623,1
1,"[""Observation: The 'Occupancy' values for hours 11 and 12 are 7.2 and 7.4 respectively."", 'Implication: There is a slight increase in occupancy from hour 11 to hour 12, which is a change of +0.2.', 'Observation: The occupancy values fluctuate slightly with no significant trends indicating drastic changes in the previous hours.', 'Implication: Given the recent trend remains stable, a very small change in occupancy is likely to continue for the next hour.', 'Observation: No significant external factors from other parameters (like intensity or NO2 levels) show a strong correlation with a drop or spike in occupancy.', ""Implication: The lack of correlation implies that the occupancy will likely stay close to the previous hour's values.""]",628,0
1,"['Observation 1: The occupancy at hour 11 is at 22.', 'Observation 2: The occupancy at hour 12 is at 24.', 'Implication 1: The occupancy increased by 2 from hour 11 to hour 12, which is within the range [-2, 2].', 'Observation 3: The trend of occupancy over the last several hours shows fluctuations but no significant upward or downward trend.', 'Implication 2: Given the slight increase in occupancy, it suggests a stable pattern rather than a sudden change.']",627,1
1,"[""Observation: At hour 11, the 'Occupancy' value is at 8."", 'Implication: This indicates a low occupancy level just before hour 12.', ""Observation: The 'Occupancy' value at hour 10 is at 6."", 'Implication: Comparing hour 10 and hour 11, occupancy increased slightly by 2.', ""Observation: The trend for 'Occupancy' over the last few hours shows minor fluctuations, with values around 6 to 8 without any significant spikes."", ""Implication: Given this trend and the proximity of hour 11's value to hour 10's, a substantial change is unlikely."", 'Observation: Predicting for hour 12, since previous values have remained stable, the change from hour 11 to hour 12 is expected to remain within a small range.', ""Implication: Therefore, it is likely that 'Occupancy' will increase or decrease but remain within the [-2, 2] range."", ""Final Assessment: Based on the analysis, I classify the prediction for the next hour's change in occupancy as 1.""]",625,2
1,"['Observation: The last recorded occupancy value at time 12 is approximately 7.5.', 'Implication: This indicates a moderate level of traffic occupancy.', 'Observation: The previous value at time 11 is around 7.0.', 'Implication: The increase from time 11 to time 12 is approximately +0.5.', 'Observation: The trend shows minor fluctuations around the 6.5 to 7.5 range over the past hours.', 'Implication: The occupancy does not show drastic changes but rather stability near the current values.', 'Observation: The increase of 0.5 from time 11 to time 12 falls within the range of [-2, 2].', 'Implication: This suggests that the occupancy is likely to remain within this range for the next hour (time 13) as well.']",624,0
1,"['Observation 1: The Occupancy values from hour 11 (11) and hour 12 (9) show a decrease of 2.', 'Implication 1: This decrease suggests stability in traffic, indicating that changes are likely to remain around the same level.', 'Observation 2: The values of other variables such as NO2, WindSpeed, Temp, and Humidity do not show any significant trends that would drastically affect occupancy.', 'Implication 2: Since other parameters are stable, it reinforces the idea that the occupancy will not change significantly.', 'Conclusion: Therefore, the change in occupancy for the next hour compared to the last hour will likely remain within a range of [-2, 2], leading to a prediction of 1.']",630,2
1,"['Observation: In the last hour (hour 12), the Occupancy is at 10.', 'Observation: In the hour before that (hour 11), the Occupancy was at 8.', 'Implication: The change in Occupancy from hour 11 to hour 12 is an increase of 2.', 'Observation: Changes between hours 11 and 12 remain within the range of [-2, 2].', 'Implication: Therefore, the prediction for the next hour (hour 13) compared to hour 12 is categorized as 1, indicating a stable condition.']",631,1
1,"['Observation: The `Occupancy` is 10 at hour 11 and 15 at hour 12.', 'Implication: This indicates an increase in `Occupancy` from hour 11 to hour 12.', 'Observation: The change from hour 11 to hour 12 is by 5.', 'Implication: 5 is greater than 2, which indicates a significant increase.', 'Observation: There was a consistent trend in lower `Occupancy` rates prior to hour 11, where values fluctuated between 5 and 15.', 'Implication: The recent increase could suggest an uptrend in traffic demand, but not enough data points to predict continued growth without further context.', 'Final Conclusion: Since the increase in `Occupancy` from hour 11 to hour 12 is greater than 2, this suggests a change categorization of 2.']",629,2
1,"['Observation: The occupancy values for the last hour (12) is 5.', 'Observation: The occupancy value for the hour prior (11) is 6.', 'Implication: The occupancy decreased by 1 from hour 11 to hour 12, indicating a slight reduction in traffic occupancy.', 'Conclusion: Since the change is within the range of [-2, 2], this will be categorized as 1.']",632,0
0,"['Observation: In hour 11, the occupancy is around 8.5.', 'Observation: In hour 12, the occupancy drops sharply to around 5.', 'Implication: Since the occupancy decreased significantly from 8.5 to 5, this change exceeds a decrease of 2.', 'Conclusion: Therefore, the prediction is that occupancy will decrease in the next hour.']",633,2
1,"['Observation 1: The occupancy values at hours 11 are 6 and at hour 12 are 7.', 'Implication 1: There is an increase of 1 in occupancy between hour 11 and hour 12.', 'Observation 2: The change in occupancy from hour 11 to hour 12 is within the range of [-2, 2].', 'Implication 2: Thus, the prediction category for the next hour (hour 12 to hour 13) is classified as 1, indicating it changes within [-2, 2].']",634,1
1,"[""Observation: The 'Occupancy' values over the time period show fluctuations ranging between approximately 5 to 8."", ""Observation: At hour 11, the 'Occupancy' is recorded at approximately 7."", ""Observation: At hour 12, the 'Occupancy' rises slightly to about 7.5."", 'Implication: The change from hour 11 to hour 12 is an increase of 0.5, which falls within the [-2, 2] range.', 'Conclusion: Therefore, I predict that the occupancy will change within [-2, 2], categorizing the prediction as 1.']",635,1
1,"[""Observation 1: Looking at the 'Occupancy' line, the values at hours 11 and 12 are 600 and 604, respectively."", 'Implication 1: The value of occupancy has increased by 4 units from hour 11 to hour 12.', ""Observation 2: The trend in 'Occupancy' has shown fluctuations but is currently at a relatively high point at hour 12."", 'Implication 2: Given the increase observed, it can be inferred that the trend could either continue to rise or stabilize, rather than drop significantly.', 'Observation 3: The values at hour 10 and hour 11 were lower compared to hour 12.', 'Implication 3: Continuous occupancy at or above 600 indicates strong usage, which is less likely to decrease sharply.', ""Final Assessment: Since the increase in occupancy from the last hour was greater than 2, but considering the stable trend observed, a categorization of '1' (changes within [-2, 2]) seems more appropriate.""]",636,0
1,"['Observation 1: The last recorded `Occupancy` at hour 12 is approximately 6.', 'Observation 2: The `Occupancy` value recorded at hour 11 is approximately 8.', 'Implication 1: The change from hour 11 to hour 12 shows a decrease in `Occupancy` by 2.', 'Observation 3: The trend in `Occupancy` over the previous hours shows fluctuations but remains within a limited range.', 'Implication 2: Based on the recent trend, a decrease of exactly 2 is consistent with the earlier values.', 'Final Determination: Since the change is within the interval [-2, 2], the prediction is categorized as 1.']",637,2
1,"['Observation 1: The Occupancy value at hour 11 is 8.', 'Observation 2: The Occupancy value at hour 12 is 10.', 'Implication 1: The increase from hour 11 to hour 12 is 2.', 'Observation 3: Changes within the range of -2 to 2 are categorized as no significant change.', 'Conclusion: Therefore, the prediction is that the Occupancy will remain within the range of [-2, 2] compared to the prior hour.']",642,2
1,"['Observation: The occupancy at hour 11 is 6 and at hour 12 is 5.', 'Implication: The value decreased by 1, which falls within the range of [-2, 2].', 'Observation: The overall trend for the past few hours has been relatively stable, with only minor fluctuations.', 'Implication: Given the stability, a minor decrease is expected rather than a significant increase or decrease.', 'Observation: There are no significant changes in related variables (NO2, WindSpeed, Temp, Humidity, SolarRad, and Intensity) that might affect congestion.', 'Implication: The absence of impactful external factors suggests that the occupancy will change slightly.']",638,1
1,"[""Observation: The 'Occupancy' line is relatively stable throughout the chart with small fluctuations."", 'Implication: This stability suggests that there may not be strong external factors causing significant changes in traffic occupancy.', 'Observation: In the last couple of hours (from hour 10 to hour 11 and hour 12), the occupancy shows slight increases and decreases, but remains within a narrow range.', 'Implication: This indicates that occupancy trends are mild, suggesting minimal incoming or outgoing traffic, leading to a prediction of little change.', 'Observation: The overall pattern of occupancy does not show a strong upward or downward trend.', 'Implication: This reinforces the idea that occupancy will likely remain stable in the coming hour, and will fall within the range of [-2, 2] change.']",639,1
1,"['Observation: Occupancy at hour 11 is 4 and at hour 12 it is 3.', 'Implication: This indicates a decrease of 1 in Occupancy from hour 11 to hour 12, which is within the range of [-2, 2].', 'Observation: The previous occupancy readings show fluctuations but generally remain within this small range of change.', 'Implication: Given the slight decrease, it suggests that traffic flow is stable but not significantly increasing or decreasing.', 'Conclusion: Therefore, the prediction for the change in occupancy for the next hour is categorized as 1, indicating a change within the range of [-2, 2].']",640,1
0,"['Observation 1: The Occupancy at hour 11 is around 10.', 'Observation 2: The Occupancy at hour 12 decreases to approximately 6.', 'Implication 1: The change in Occupancy from hour 11 to hour 12 is a decrease of 4.', 'Conclusion: This decrease is greater than 2, leading to a prediction of 0 (Occupancy decreases by >2).']",641,2
2,"['Observation: The Occupancy values at hour 11 and hour 12 are 7.0 and 7.5 respectively.', 'Implication: This shows an increase in Occupancy of 0.5 units from hour 11 to hour 12.', 'Observation: The trend of Occupancy has been fluctuating, but the overall movement from the last hour (hour 11) to the current hour (hour 12) shows positive growth.', 'Implication: Since the increase is less than 2 but greater than 0, it indicates a stable upward trend and suggests that with continued conditions, occupancy may further rise in the next hour.', 'Final Conclusion: Because the increase in occupancy is not just within the limit but suggests a potential for further increase, thus predicting an occupancy increase.']",644,0
1,"['Observation: The occupancy values for the last hour (11h) are at 20.', 'Observation: The occupancy values for the previous hour (10h) were at 18.', 'Implication: The change from 18 to 20 is an increase of 2.', 'Observation: This indicates that the change in occupancy is within the range of [-2, 2].', 'Conclusion: Therefore, the prediction for the next hour (12h) is classified as 1 (changes within [-2, 2]).']",646,2
1,"[""Observation 1: At hour 11, the 'Occupancy' value is 5.0."", ""Observation 2: In hour 12, the 'Occupancy' value is 7.0."", ""Observation 3: The change in 'Occupancy' from hour 11 to hour 12 is an increase of 2.0."", 'Implication 1: Since the increase is exactly 2.0, it falls within the range of [-2, 2].', ""Implication 2: Therefore, the prediction for the change in 'Occupancy' for the next hour (hour 13) compared to hour 12 is categorized as 1.""]",648,1
1,"['Observation 1: In the last hour (time = 12), the occupancy is approximately 6.5.', 'Observation 2: In the hour before (time = 11), the occupancy was approximately 7.0.', 'Observation 3: The occupancy has decreased from 7.0 to 6.5, which is a decrease of 0.5.', 'Implication: Since the change is within the range of -2 to 2, it indicates that the occupancy is relatively stable.', 'Conclusion: Therefore, I predict the occupancy change for the next hour will also remain stable.']",643,0
2,"['Observation: The occupancy values over the last three hours (10, 11, and 12) are 8, 10, and 12, respectively.', 'Implication: This shows an increasing trend in occupancy as it grows by 2 units in the last hour.', 'Observation: The increase in occupancy from hour 11 to hour 12 is 2 units.', 'Implication: If this trend continues, we expect the occupancy at hour 13 to rise above 12.', 'Observation: Historically, this section of the chart shows that occupancy increases more often than it decreases.', 'Implication: Given the recent increase by 2, I predict the occupancy will increase again in the next hour.']",645,2
1,"[""Observation: The 'Occupancy' values from hour 11 to hour 12 are 15 and 12, respectively."", 'Implication: Since the occupancy decreases from 15 to 12, this is a change of -3.', 'Observation: The change is more than -2, falling in the category of a decrease.', 'Implication: Given that the change is -3, it fits the condition of decreasing, but is not significant enough for a prediction of a larger decrease.', 'Conclusion: This results in a category of 1, indicating a change within [-2, 2].']",649,2
1,"[""Observation 1: The 'Occupancy' value at hour 11 is 500."", 'Implication 1: This suggests a relatively high occupancy compared to earlier hours.', ""Observation 2: The 'Occupancy' value at hour 12 is 550."", 'Implication 2: This indicates a slight increase in occupancy compared to the previous hour.', 'Observation 3: The difference in occupancy between hour 11 and hour 12 is +50.', 'Implication 3: This difference is greater than 2, indicating a notable increase in occupancy.', 'Observation 4: The trend in occupancy shows fluctuations but generally has been stable.', ""Implication 4: As per the consistent values and the last hour's increase, it's likely that the occupancy will remain relatively steady."", 'Final Conclusion: Given that there is an increase in occupancy, but the overall change over the last hour does not exceed +2, this categorizes the change as 1 (changes within [-2, 2]).']",647,0
1,"['Observation: The occupancy levels at hour 11 are 5.', 'Implication: This indicates a relatively stable traffic state at that hour.', 'Observation: In hour 12, the occupancy levels slightly fluctuate but remain around 5.', 'Implication: The small fluctuations suggest that the traffic conditions are consistent, leading to no significant increase or decrease in occupancy.', 'Observation: The occupancy change from hour 11 to hour 12 shows minimal variation.', 'Implication: This results in a categorization of changes being within [-2, 2].']",651,0
2,"['Observation 1: The `Occupancy` value at hour 11 is higher than the value at hour 10.', 'Implication 1: This suggests increasing traffic at hour 11 compared to hour 10.', 'Observation 2: The `Occupancy` value jumps significantly from hour 10 to hour 11, indicating a shift in traffic conditions.', 'Implication 2: The pattern shows a trend of increasing `Occupancy`, which is expected to continue over the next hour.', 'Observation 3: The general trend of `Occupancy` has been somewhat erratic but has exhibited increases in previous hours.', 'Implication 3: Based on this pattern, it’s reasonable to conclude that `Occupancy` will increase further in the next hour.']",654,2
1,"[""Observation 1: The 'Occupancy' at hour 12 shows a value of around 550."", ""Observation 2: The 'Occupancy' at hour 11 is approximately 570."", ""Observation 3: The change in 'Occupancy' from hour 11 to hour 12 is a decrease of 20."", ""Implication: Since the change is greater than -2 and less than 2, the category for this change is 1, indicating that 'Occupancy' changes within the range [-2, 2].""]",656,2
1,"['Observation: At hour 11, the Occupancy value is about 8.', 'Implication: This indicates a relatively steady occupancy level.', 'Observation: At hour 12, the Occupancy value is approximately 10.', 'Implication: This indicates a slight increase in occupancy compared to hour 11.', 'Observation: The increase from hour 11 to hour 12 is 2.', 'Implication: Since the change is within the range of [-2, 2], the prediction category is 1.']",653,2
1,"['Observation: At hour 11, the Occupancy value is 10.', 'Observation: At hour 12, the Occupancy value is 12.', 'Implication: This indicates an increase in Occupancy by 2 from hour 11 to hour 12.', 'Observation: The increase does not exceed 2, indicating stability in traffic occupancy.', 'Conclusion: Therefore, the prediction is categorized as 1, which represents a change within the range [-2, 2].']",650,2
1,"['The last hour (hour 12) shows an Occupancy value of approximately 5.', 'The previous hour (hour 11) has an Occupancy value of around 7.', 'The change in Occupancy from hour 11 to hour 12 is a decrease of about 2.', 'Based on this change, the prediction for the next hour (hour 13) is likely to stay within the range of [-2, 2] compared to hour 12.', 'Therefore, the prediction category is 1.']",655,0
1,"['Observation 1: The occupancy value for the current hour (12) is 5.', 'Observation 2: The occupancy value for the previous hour (11) is 4.', 'Implication 1: The current occupancy has increased by 1 compared to the previous hour.', 'Observation 3: The trend in previous occupancy values shows fluctuations but remains relatively stable, with values mostly changing within a range of [-1, 1].', ""Implication 2: Given the stability in the previous hours, it's likely the occupancy will continue to be stable in the next hour."", 'Observation 4: There are no significant changes in environmental factors (temperature, humidity, etc.) that would drastically impact occupancy in the short term.', 'Implication 3: Therefore, it is reasonable to categorize the predicted change in occupancy for the next hour as a change within [-2, 2], which corresponds to a prediction of 1.']",652,2
1,"['Observation: The `Occupancy` value at hour 11 is 5.0.', 'Observation: The `Occupancy` value at hour 12 is 6.0.', 'Implication: There is an increase of 1.0 in `Occupancy` from hour 11 to hour 12.', 'Observation: The change in `Occupancy` from hour 11 to hour 12 is within the range of [-2, 2].', 'Implication: Therefore, the occupancy does not significantly increase or decrease, categorizing it as 1.']",659,0
2,"['Observation: The Occupancy values for the last hour (11-12) show an increase from approximately 5.5 to approximately 7.5.', 'Implication: This indicates a clear upwards trend in occupancy, suggesting increased traffic volume.', 'Observation: Comparing digits, the change in occupancy from hour 11 to hour 12 is greater than 2.', 'Implication: A change greater than 2 in occupancy indicates a strong increase.', 'Observation: The previous hourly measurements (from 10-11) show some fluctuations, but the overall trend in the last few hours has been relatively stable yet suggests rising occupancy.', 'Implication: Given that the trend appears to be moving upwards, I can classify the prediction as an increase.']",662,1
1,"['Observation 1: The total Occupancy at hour 11 is 500.', 'Observation 2: The total Occupancy at hour 12 is 480.', 'Observation 3: The decrease in Occupancy from hour 11 to hour 12 is 20.', 'Implication 1: A decrease by 20 indicates a significant drop in traffic occupancy.', 'Conclusion: Since the decrease is greater than 2, this categorizes the change as 0 (decreases by >2). However, the previous statement needs to be modified based on the requirement to categorize changes accurately as 1 (changes within [-2, 2]). Therefore, since it is not in that range, the closest fit is to categorize it as 1 for maintaining the traffic flow observation.']",657,2
1,"['Observation: The occupancy data shows a value of 4 at hour 11 and 6 at hour 12.', 'Implication: Since occupancy increased from 4 to 6, this indicates a positive change.', 'Observation: The change from hour 11 to hour 12 is +2, which is within the range of [-2, 2].', 'Implication: Based on the defined categories, this change classifies as a change within [-2, 2].']",660,2
1,"['Observation: At hour 11, the occupancy is approximately 500.', 'Implication: This indicates a stable level of traffic occupancy prior to the current hour.', 'Observation: At hour 12, the occupancy increases to around 530.', 'Implication: This suggests a slight increase in traffic flow compared to the previous hour.', 'Observation: Change from hour 11 to hour 12 is an increase of about 30.', 'Implication: While there is an increase, it does not exceed 2 in terms of hourly average for fluctuation.', 'Observation: Historical occupancy data shows fluctuations that stay within 2 units most of the time.', 'Implication: This consistency further implies that changes tend to remain small (+2 or -2).', 'Final Assessment: Given the slight and acceptable increase, I categorize the change as within the range of [-2, 2].']",658,2
1,"['Observation: The occupancy values from the chart show a peak at hour 7, reaching around 4.5, and it fluctuates slightly until hour 12.', 'Implication: This fluctuation suggests a stable occupancy level in the earlier hours but indicates a minor decrease towards the end of the observation period.', 'Observation: The hourly data specifically from hour 11 to hour 12 shows a slight decrease from about 4 to about 3.5.', 'Implication: Given that occupancy has decreased by less than 2 during this last interval, it suggests stability with only minor fluctuations.', 'Observation: The overall trend from hour 11 to hour 12 does not show a significant drop in occupancy, remaining relatively constant.', 'Implication: Since the changes fall within the range of [-2, 2], this supports a prediction that there will be no large shifts in occupancy for the next hour.']",663,2
1,"['Observation: The `Occupancy` value at hour 11 is 6.0.', 'Observation: The `Occupancy` value at hour 12 is 7.5.', 'Implication: The difference between hour 12 and hour 11 in `Occupancy` is +1.5.', 'Observation: Changes in `Occupancy` over the previous hours show fluctuations but remain within a narrow range.', 'Implication: The change of +1.5 falls within the range of [-2, 2].', 'Conclusion: Therefore, the prediction for the next hour (hour 13) can be categorized as 1, indicating a change within [-2, 2].']",661,2
1,"['Observation: The occupancy at hour 11 is approximately 4.', 'Implication: This value indicates a relatively high occupancy level at that hour.', 'Observation: The occupancy at hour 12 shows an increase, reaching around 6.', 'Implication: This increase is a rise of approximately 2, suggesting stability or a slight increase.', 'Observation: The pattern of occupancy in the last few hours shows fluctuations generally within a range of ±2.', ""Implication: Given that the last hour's occupancy is not significantly different from the previous hour (i.e., within the threshold of ±2), it suggests stability."", 'Final Implication: Therefore, the change in occupancy for the next hour compared to the last hour is categorized within [-2, 2], resulting in a prediction of 1.']",666,1
1,"['Observation 1: The Occupancy value at hour 11 is 3.', 'Implication 1: This indicates a relatively low occupancy level compared to the earlier hours.', 'Observation 2: The Occupancy value at hour 12 is 4.', 'Implication 2: This signifies a slight increase in occupancy compared to hour 11, indicating a possible upward trend.', 'Observation 3: The change from hour 11 to hour 12 is 1 (4 - 3 = 1).', 'Implication 3: Since this change is within the range of [-2, 2], it suggests a stable condition in occupancy.', 'Conclusion: Therefore, the predicted change in occupancy for the next hour compared to the last hour in the chart is categorized as 1.']",667,1
1,"['Observation: The Occupancy values for the last hours show a fluctuation primarily centered around a range of approximately 2-3.', 'Implication: Given that the last recorded Occupancy at hour 11 is 3, and hour 10 shows 4, there is a small decline from hour 10 to hour 11.', 'Observation: At hour 12, the Occupancy shows a slight increase to 4.', 'Implication: This indicates that the change from hour 11 to hour 12 is minimal, suggesting stability in traffic volume rather than a significant increase or decrease.', 'Conclusion: Since the change from the last hour to the current hour is within the range of [-2, 2], the predicted change category is 1.']",665,2
2,"['Observation: The Occupancy values at hours 11 and 12 are 3 and 4 respectively.', 'Implication: Since the value increased from 3 to 4, it indicates an increase of 1 unit.', 'Observation: Reviewing the values from the past hours (8 to 10), there has been a fluctuation with a pattern of increases.', 'Implication: This suggests that overall, the trend has been moving upwards toward an increase in Occupancy.', 'Observation: Comparing the change between hour 11 and the next prediction for hour 12 (currently at 4).', 'Implication: The increase of 1 unit means it may be positioned to rise again, indicating increasing traffic control measures might be necessary.', 'Observation: Based on historical data, the continuation of upward trends may indicate the Occupancy will most likely be above 4 in hour 12.', 'Implication: Therefore, the predicted increase for the next hour is greater than 2.']",664,1
1,"['Observation: The occupancy values from hours 10 to 12 are 2 and 3 respectively, showing an increase of 1.', 'Implication: The change is within the range of [-2, 2]. Therefore, it indicates a slight increase in the occupancy for the next hour compared to the last hour.', 'Observation: Examining previous hours, the trend seems relatively stable with minor fluctuations.', 'Implication: There is no significant trend suggesting a large increase or decrease.', 'Observation: The increase in occupancy from hour 11 to hour 12 is not substantial enough to classify it as a notable rise.', ""Implication: Given the data, a prediction of '1' signifies a minor change, aligning with recent trends.""]",670,1
1,"['Observation: The occupancy value at hour 11 is approximately 354, while at hour 12 it is approximately 358.', 'Implication: The change from hour 11 to hour 12 is an increase of about 4.', 'Observation: The change of >2 indicates that occupancy is trending upward.', 'Implication: Since the increase exceeds 2, this signals a potential continued rise in traffic occupancy.', 'Final Assessment: The increase between hour 11 and hour 12 is categorized as an increase by >2.']",668,1
1,"['Observation 1: In the last hour (Hour 12), the Occupancy value is relatively stable around 4.', 'Observation 2: In Hour 11, the Occupancy was also approximately 4, indicating little change between these two hours.', 'Observation 3: The trend in the main Occupancy chart does not show large fluctuations but remains consistent within a narrow range (3 to 5) over the previous hours.', 'Observation 4: Based on this trend, it can be inferred that the change from Hour 11 to Hour 12 is minimal, and similar behavior is expected for Hour 13.', ""Implication: Given there isn't a significant upward or downward trending pattern and changes are minimal within the observed range, the prediction for Hour 13 is that the Occupancy will change within [-2, 2], categorizing it as 1.""]",669,2
1,"['Observation 1: The Occupancy values in hours 11 and 12 are 50 and 52 respectively.', 'Implication 1: This indicates that the occupancy increased slightly in the last hour.', 'Observation 2: The increase from hour 11 to hour 12 is by 2, which is within the range of change.', 'Implication 2: Since the change is 2, it suggests that the occupancy has stabilizing patterns.', 'Observation 3: The trend over previous hours shows fluctuations, but not extreme changes.', ""Implication 3: Given the last hour's growth (2 units), significant growth is not expected for the next hour based on historical data.""]",674,1
2,"['Observation: The occupancy at hour 11 is at a value of 2, while at hour 12, it is at a value of 4.', 'Implication: This indicates an increase of 2 in occupancy from hour 11 to hour 12, thus categorizing it as an increase.', 'Observation: The pattern of occupancy over the last few hours shows a general upward trend, particularly around hours 8 to 10.', ""Implication: Given this upward trend, it's reasonable to predict that the improvement will continue into the next hour."", 'Observation: External factors, such as temperature and wind speed, have shown minimal fluctuations, which likely do not negatively impact traffic occupancy.', 'Implication: This stability in external factors supports the prediction of increasing traffic occupancy.']",671,1
1,"['Observation: The Occupancy values for the last hour (11 to 12) show a decrease from 3 to 2.', 'Implication: This indicates a reduction in occupancy by 1 in the most recent hour.', 'Observation: Looking at the previous hour (10 to 11), there was an increase from 2 to 3.', 'Implication: This shows a fluctuation in occupancy, suggesting that it is relatively stable within a small range.', 'Observation: Based on the occupancy trend from 10 to 12, the values oscillate between 2 and 3.', 'Implication: This fluctuation indicates a tendency for occupancy changes to be within the range of [-2, 2].', 'Final Assessment: Given the decrease of 1 in the last hour and the stable range observed, the prediction for the next hour is categorized as 1 (changes within [-2, 2]).']",672,1
1,"['Observation: The occupancy at hour 11 is approximately 2.', 'Implication: This shows that occupancy has decreased significantly from previous hours, notably from hour 10 where it was around 4.', 'Observation: The trend leading to hour 11 indicates a gradual decrease in occupancy, which has been consistent over the last few hours.', 'Implication: If this trend continues into hour 12, the changes in occupancy will likely stay within the range of ±2.', 'Observation: The data points do not show any drastic fluctuations in occupancy values that would suggest a sharp increase or significant decrease.', 'Implication: Therefore, the safest assumption is that the change will remain stable within the limits, leading to categorizing the prediction as 1 (changes within [-2, 2]).']",677,1
1,"['Observation: The traffic occupancy at hour 11 is approximately 1.5.', 'Implication: Occupancy is near its previous hour level, indicating stability.', 'Observation: Hour 10 had a similar occupancy value close to 1.4.', 'Implication: The traffic flow remains consistent, suggesting no significant changes in traffic volume.', 'Observation: Hours 9 to 12 show slight fluctuations, but no dramatic increases or decreases.', 'Implication: It suggests that the traffic conditions are stable around hour 11.', 'Conclusion: Given the trend is relatively stable within a range of [-2, 2] compared to the last hour, I categorize the prediction as 1.']",676,1
2,"[""Observation: The 'Occupancy' value in the last hour (12) is 1.5."", ""Observation: The 'Occupancy' value in the hour before last (11) is 1.0."", 'Implication: The value increased by 0.5 from hour 11 to hour 12, indicating a slight increase.', ""Observation: The trend in 'Occupancy' has shown periodic increases over the previous hours, suggesting a tendency towards rising values."", 'Implication: Given that the general trend is upward, it is reasonable to predict a further increase in the next hour (13).', ""Conclusion: As per the observed data trend and the increase of 0.5 in the last hour, I predict that the 'Occupancy' will increase by more than 2 for the next hour.""]",675,1
1,"['Observation: The occupancy at hour 11 is approximately 62, while at hour 12 it is about 60.', 'Implication: This indicates a decrease in occupancy by approximately 2 units when moving from hour 11 to hour 12.', 'Observation: The change in occupancy from the previous hour is on the threshold of -2.', 'Implication: Since the change is within the range of [-2, 2], it categorizes our prediction as 1.']",678,1
1,"['Observation 1: The Occupancy value at hour 11 is approximately 2.', 'Implication 1: This indicates a low occupancy level, which may suggest less traffic or fewer vehicles.', 'Observation 2: The Occupancy value at hour 12 remains around 2.', 'Implication 2: This indicates stability in the occupancy level with no significant increase or decrease.', 'Observation 3: The range of change in occupancy between hours 11 and 12 is ≤ 0.', 'Implication 3: Given that the change is within the range of [-2, 2], this qualifies as a minor fluctuation.', 'Observation 4: The overall trend for the preceding hours shows variability but ultimately stabilizes.', 'Implication 4: The absence of significant external changes (like weather or traffic patterns) for the last hour suggests a continued stable occupancy level.', 'Final Conclusion: Based on the observations and implications, the prediction for the next hour indicates a minor change in occupancy.']",673,1
2,"['Observation: The Occupancy at Hour 11 is approximately 50.', 'Observation: The Occupancy at Hour 12 is approximately 60.', 'Implication: Since the value increased from 50 to 60, this indicates a rise in occupancy levels.', 'Observation: The increase in occupancy (60 - 50 = 10) exceeds the threshold of 2.', 'Implication: Therefore, this justifies categorizing the prediction as an increase by >2.']",680,1
2,"['Observation 1: The Occupancy at hour 11 is approximately 1.', 'Observation 2: The Occupancy at hour 12 shows a significant increase to approximately 4.', 'Implication 1: The change from 1 to 4 indicates an increase of 3, which is greater than 2.', 'Conclusion: Since the Occupancy increases by more than 2, the prediction for the next hour is categorized as 2.']",681,1
1,"['Observation: The occupancy values at hour 11 and hour 12 are 40 and 38, respectively.', 'Implication: This shows a slight decrease in occupancy by 2 units from hour 11 to hour 12.', 'Observation: The trend in the preceding hours demonstrates fluctuations mostly within a range of 1 to 2 units.', 'Implication: Given the general trend pattern, it is likely that the occupancy will remain relatively stable in the next hour.', 'Conclusion: Since the most recent change is a decrease of exactly 2 units and considering the potential for minor fluctuations, I predict that the change will remain within the range of [-2, 2].']",679,1
1,"['Observation: The Occupancy values over the time periods given exhibit fluctuation but are generally stable, with values oscillating between approximately 20 and 40.', 'Observation: The value at hour 11 is about 38, while the value at hour 12 drops to around 30.', 'Implication: There is a decrease in the Occupancy from hour 11 to hour 12, which is a change of approximately -8.', 'Observation: The decrease of the Occupancy from hour 11 to hour 12 exceeds the threshold of -2 but indicates no significant increase as it does not exceed +2.', 'Implication: Therefore, comparing the final two hours, the change falls within the defined range for categorization.', 'Final Assessment: The change is categorized as 1 since the occupancy changes within the range of [-2, 2] from the previous hour.']",683,1
2,"[""Observation: The 'Occupancy' metric reached a low point at hour 7 (45) and has since increased to hour 12 (75)."", 'Implication: This indicates a consistent rise in occupancy levels over the last five hours.', 'Observation: The change from hour 11 (65) to hour 12 (75) shows a clear increase of 10.', 'Implication: An increase of 10 signals a strong upward trend in occupancy.', 'Observation: Previous hours show fluctuating occupancy, but the trend toward hour 12 is significant.', 'Implication: A continuing increase is likely, and given the substantial increase observed, it is reasonable to predict further growth.']",684,1
0,"['Observation: In hour 11, the Occupancy value is at 35.', 'Observation: In hour 12, the Occupancy value is at 31.', 'Implication: This indicates a decrease of 4 in Occupancy from hour 11 to hour 12.', 'Observation: The change is greater than 2.', 'Implication: Therefore, the category for this decrease is 0 (decreases by >2).']",685,2
1,"['Observation: The occupancy at hour 11 is 1.', 'Observation: The occupancy at hour 12 is 2.', 'Implication: There is an increase in occupancy from hour 11 to hour 12 by 1.', 'Observation: The previous hour (hour 11) had low values for occupancy, indicating a trend of stability or minor fluctuations in occupancy.', 'Implication: Given the previous trend, a smaller change was anticipated, as there are no sudden shifts in the pattern across earlier hours.', ""Final Assessment: Since the change is only 1, it falls within the range of [-2, 2], categorizing it as a change 'within' that range.""]",687,1
0,"['Observation: The Occupancy value at hour 11 is 1.5.', 'Implication: The Occupancy value is relatively low compared to the previous hours.', 'Observation: The Occupancy value at hour 12 decreases to 1.0.', 'Implication: This indicates a drop in traffic occupancy from hour 11 to hour 12.', 'Observation: The change from hour 11 (1.5) to hour 12 (1.0) results in a decrease of 0.5.', 'Implication: Since this decrease is less than or equal to 2, it categorizes within the range of a decrease.']",686,1
1,"['Observation 1: The occupancy at hour 11 is approximately 3.', 'Implication 1: Since the occupancy is relatively low at hour 11, it indicates stable or lower traffic volume.', 'Observation 2: The occupancy at hour 10 was around 2.', 'Implication 2: The increase from hour 10 to hour 11 is only 1, which is within the range of [-2, 2].', 'Observation 3: The trend from hours 8 to 11 shows fluctuations mostly around these low values.', 'Implication 3: This suggests that, barring any significant changes in conditions that could impact traffic (like temperature or other factors), occupancy for the next hour would likely remain stable.', 'Observation 4: The final recorded occupancy (hour 12) shows a slight rise, but not enough to suggest a robust upward trend.', 'Implication 4: Therefore, I predict the occupancy change for hour 12 compared to hour 11 will likely stay within the range of [-2, 2].']",682,1
1,"['Observation: The occupancy values fluctuate between 50% and 70% across the 12 hours.', 'Observation: In the 11th hour, the occupancy is at 67%.', 'Observation: In the 12th hour, the occupancy decreases slightly to 63%.', 'Implication: Given that the change from 67% to 63% is a decrease of 4%, this suggests a trend towards lower occupancy.', 'Implication: Since the historical pattern shows slight fluctuations but maintains a relatively stable range, a prediction of occupancy remaining close to the last hour is reasonable.', 'Conclusion: The change is within the range of [-2, 2], leading to a prediction category of 1.']",689,1
1,"['Observation: At hour 11, the occupancy is approximately 10.', 'Observation: At hour 12, the occupancy changes to approximately 12.', 'Implication: The change in occupancy from hour 11 to hour 12 is an increase of about 2.', 'Observation: The increase of 2 does not exceed the threshold for a larger increase (>2).', 'Implication: The change falls within the range of [-2, 2]. Therefore, it is categorized as a minor change.']",688,1
1,"['Observation: The traffic occupancy shows fluctuations throughout the 12-hour period, particularly around hours 6 to 8.', 'Implication: The considerable rise in occupancy around hour 6 followed by a steady decrease towards hour 8 indicates variability.', 'Observation: Between hour 10 and 11, occupancy decreases slightly, while it remains relatively stable from hour 11 to hour 12.', 'Implication: This stability suggests that the traffic conditions have stabilized, likely reflecting normal flow and patterns during these hours.', 'Observation: Comparing hour 11 (around 50) and hour 12 (around 52), we see an increase of approximately 2.', 'Implication: Since the change is within the range of [-2, 2], this supports a prediction of stability without a significant increase.']",691,1
1,"['Observation: The occupancy value at hour 11 is approximately 3.', 'Observation: The occupancy value at hour 12 is approximately 4.', 'Implication: The occupancy value increased from hour 11 to hour 12 by 1.', 'Observation: The change of 1 is within the range of [-2, 2].', 'Implication: Therefore, the prediction should categorize this change as 1.']",693,2
1,"['Observation: The `Occupancy` values for the last few hours are 52, 50, 54, 51, 47, and 53.', 'Observation: The value at hour 11 is 53, while hour 12 is 51.', 'Implication: The value decreases by 2 units from hour 11 to hour 12.', 'Observation: The changes in the past few hours demonstrate fluctuations within a narrow range.', 'Implication: The trend suggests that changes are minimal and often within a [-2, 2] range.']",692,1
1,"[""Observation: The 'Occupancy' value at hour 11 is approximately 4, whereas at hour 12 it rises to about 3."", 'Implication: This change represents a decrease of 1, which falls within the range of [-2, 2], indicating minimal change in traffic occupancy.', 'Observation: The previous hours (9 and 10) showed values of approximately 5 and 4 respectively, suggesting a trend of decreasing occupancy leading up to hour 11.', 'Implication: If this downward trend continues into hour 12 as indicated, it suggests stability rather than significant fluctuation.', 'Observation: Other metrics such as WindSpeed, Humidity, and Temperature remain relatively stable during the observed hours.', 'Implication: Stability in these environmental factors generally correlates with more consistent traffic patterns.']",694,2
1,"['Observation: The occupancy at hour 11 is approximately 5.5.', 'Observation: The occupancy at hour 12 is approximately 7.5.', 'Implication: This represents an increase of around 2.', 'Observation: The increase from hour 11 to hour 12 is within the range of [-2, 2].', 'Conclusion: This suggests that the occupancy will change within the predicted range.']",696,1
2,"['Observation: The Occupancy values at hour 11 is higher (around 50) compared to hour 10 (which was around 40).', 'Implication: This indicates an increase in Occupancy over the last hour.', 'Observation: The trend shows a general rise in Occupancy as we approach hour 12, with hour 12 showing a value of around 60.', ""Implication: Since there is a steady upward trend in Occupancy values, it's reasonable to forecast that this will continue in the next hour."", 'Observation: Comparing the values at hour 11 and the predicted value at hour 12, we note an increase from around 50 to around 60, leading to a difference greater than 2.', 'Implication: This satisfies the criteria for categorization of an increase by more than 2.']",690,1
1,"['Observation 1: The occupancy values at hour 11 and hour 12 are relatively close, with hour 11 at around 5.5 and hour 12 at approximately 6.', 'Implication 1: Since the difference between hour 11 and hour 12 is less than 2, this suggests that the occupancy level will change within the range of [-2, 2].', 'Observation 2: Throughout the chart, occupancy values fluctuate slightly but show no significant upward or downward trend over the previous hours.', 'Implication 2: This fluctuation indicates stability in the occupancy levels, contributing to the prediction that the change for the next hour will also remain stable within the given range.']",697,2
2,"[""Observation: The 'Occupancy' values from hour 11 to hour 12 have increased from around 8 to approximately 10."", 'Implication: An increase of 2 indicates a potential growth trend in occupancy.', ""Observation: The 'Intensity' graph shows a consistent level compared to previous hours, suggesting that traffic flow is stable."", 'Implication: Stable intensity in traffic typically correlates to steady or increasing occupancy rates.', ""Observation: The environmental factors like 'Humidity' and 'Temperature' are relatively stable as well, not exhibiting drastic changes that could impact occupancy negatively."", 'Implication: Stability in environmental conditions further supports the likelihood of increasing occupancy.', 'Conclusion: Given the observed increase of 2 in the last hour and stable conditions, it can be predicted that occupancy will continue to rise.']",699,0
2,"['Observation: The Occupancy values over the last few hours show an increasing trend, starting from approximately 5.5 at hour 8 and reaching about 7.0 at hour 12.', 'Implication: Since the Occupancy has been consistently increasing, it suggests that there is a growing number of vehicles present.', 'Observation: Hour 11 to hour 12 shows an increase in Occupancy from approximately 6.5 to 7.0.', 'Implication: The increase of 0.5 indicates the trend is maintained and even strengthens as it approaches hour 12.', 'Observation: The previous trend and the current rate of increase imply that it is likely that the Occupancy will further rise in hour 13.', 'Implication: Given the previous observations, we can predict that the Occupancy will increase by more than 2 units.']",695,1
1,"['Observation 1: The Occupancy value at Hour 11 is 4.', 'Observation 2: The Occupancy value at Hour 12 increases to 6.', 'Implication 1: Increasing values in the Occupancy chart suggest more vehicles present at that hour.', 'Observation 3: The increase from 4 to 6 constitutes an increase of 2.', 'Implication 2: Since the change is within the range of [-2, 2], it does not warrant a significant increase or decrease in occupancy for the next hour.', 'Prediction: Therefore, the predicted change in occupancy for the next hour is categorized as 1 (changes within [-2, 2]).']",698,2
2,"['Observation: The `Occupancy` trend shows an increase from hour 11 to hour 12, moving from approximately 7 to 10.', 'Implication: This increase indicates that traffic occupancy has risen, signaling that more vehicles are present compared to the previous hour.', 'Observation: The change from hour 11 to hour 12 is greater than 2 units.', 'Implication: This increase classifies the change as substantial, leading to the conclusion of an increase in occupancy levels.']",700,1
1,"['Observation: The `Occupancy` values for the last hour (11 to 12) are 10 and 8 respectively.', 'Implication: This indicates a decrease of 2 in `Occupancy` from hour 11 to hour 12.', 'Observation: The trend in `Occupancy` has been fluctuating, with values oscillating between 6 and 12 for the previous hours.', ""Implication: Given the prior hour's decrease, it is possible that `Occupancy` may remain stable or see minor fluctuations in the next hour."", 'Observation: The previous occupancy recorded before the last hour was 10.', 'Implication: A prediction of occupancy within the range of 8 to 10 would suggest a change within [-2, 2].']",701,2
2,"['Observation: The `Occupancy` value increased from hour 11 (6) to hour 12 (8).', 'Implication: An increase of 2 indicates that the traffic occupancy has risen.', 'Observation: Previous values indicate fluctuations between hours 6 to 11, but consistently high occupancy in the last two hours suggests increasing congestion.', 'Implication: Since occupancy is trending upwards, it is likely to continue increasing into the next hour.', 'Observation: External conditions like `Humidity` and `Temperature` have remained relatively stable, meaning they may not negatively impact occupancy.', 'Implication: Stable external conditions often support sustained high traffic occupancy.', 'Final Conclusion: Given these observations and implications, the change in `Occupancy` for the next hour is predicted to be an increase greater than 2, categorically resulting in a prediction of 2.']",702,2
1,"['Observation: The occupancy values at hour 11 are around 20, and at hour 12, they are around 18.', 'Implication: This indicates a decrease of 2 in occupancy from hour 11 to hour 12, which falls within the range of [-2, 2].', 'Observation: The occupancy measurements show some fluctuations during previous hours but had a relatively stable trend overall.', ""Implication: Given the relatively stable trend and the minor decrease, it's reasonable to predict the occupancy will either stay the same or decrease slightly for the next hour."", ""Final Conclusion: Since it decreases by exactly 2, it's categorized as 1 (changes within [-2, 2]).""]",705,2
2,"['Observation 1: The Occupancy value at hour 11 is 18.', 'Observation 2: The Occupancy value at hour 12 is 22.', 'Implication 1: Comparing hours 11 and 12 shows an increase of 4 in Occupancy.', 'Observation 3: The general trend from earlier hours (1 to 10) shows fluctuations in Occupancy but the last two hours exhibit a rising trend.', 'Implication 2: The increase from hour 11 to hour 12 indicates a sustained rise in traffic occupancy.', 'Conclusion: Since there is an increase of greater than 2 in Occupancy from the previous hour, the prediction is categorized as 2 (increases by >2).']",706,2
2,"['Observation: The Occupancy values at hour 11 and hour 12 are approximately 24 and 30, respectively, showing an increase.', 'Implication: Since the change from hour 11 to hour 12 shows an increase of around 6, which is greater than 2, it suggests that occupancy is on the rise.', 'Observation: Prior hours (hour 9 to hour 10) indicated a lower occupancy, but there is a notable upward trend observed from hour 10 to hour 12.', 'Implication: The trend indicates increasing activity, likely due to external factors such as time of day or other influencing variables, which tend to raise occupancy rates during peak hours.', 'Final Implication: Based on the evident increase and more than 2 units of change detected, the prediction is categorized as an increase.']",707,0
1,"['Observation 1: The occupancy values for the hours 11 and 12 are approximately 14 and 15, respectively.', 'Implication 1: This indicates that there is a slight increase in occupancy as we move from hour 11 to hour 12.', 'Observation 2: The increase from hour 11 to hour 12 is 1.', 'Implication 2: Since this change is within the range of [-2, 2], it suggests stability in occupancy levels.', 'Observation 3: Previous hours (8 to 10) show fluctuations but no drastic changes.', 'Implication 3: The overall trend is relatively stable with minor fluctuations around the same values.', 'Conclusion: Given the small increase and overall stability in occupancy, the prediction is categorized as 1 (changes within [-2, 2]).']",704,1
1,"['Observation: The occupancy values from hour 11 to hour 12 show an increase from around 8 to approximately 10.', 'Implication: Since the increase is only by 2, the change is within the range of [-2, 2].', 'Observation: The trend in occupancy has shown slight fluctuations but has not indicated a significant trend towards a rapid increase or decrease.', 'Implication: There may be external factors affecting the occupancy, but currently, the stability around 10 suggests minor increases or decreases.', 'Observation: Traffic conditions and temporal factors like time of day can influence occupancy levels; the last two hours reflect stable conditions.', 'Implication: Given the stability, it is reasonable to predict that the occupancy will remain relatively unchanged or fluctuate within a small range.']",703,1
1,"['Observation: The occupancy values from hour 10 to hour 11 are at 10 and 12 respectively.', 'Implication: This indicates a small increase in occupancy.', 'Observation: Comparison between hour 11 and hour 12 shows occupancy values at 12 and 15.', 'Implication: This indicates a further increase in occupancy.', 'Observation: The trend in occupancy shows slight increases between the hours, yet none of them exceeds the 2-unit change from hour 11 to hour 12.', 'Implication: Therefore, the change in occupancy is likely to be within the range of -2 to 2.']",708,1
1,"['Observation: The Occupancy metric shows values fluctuating between 10 to 17 from hour 1 to hour 12.', 'Implication: This indicates a moderate level of traffic occupancy throughout the observed hours.', 'Observation: In hour 11, the Occupancy is at 15, a peak point compared to earlier values (10 to 14).', 'Implication: This suggests that the traffic is likely at a stable or slightly decreasing trend as we approach hour 12.', 'Observation: In hour 12, the Occupancy drops to 13.', 'Implication: The small dip of 2 in Occupancy from hour 11 to hour 12 implies minimal change.', 'Conclusion: Given the traffic occupancy remains within the range of +/- 2 between the last hour and the next, a classification of 1 applies.']",710,2
1,"['Observation 1: The Occupancy at hour 11 is at approximately 11.', 'Observation 2: The Occupancy at hour 12 is at approximately 10.', 'Implication 1: This shows a decrease of 1 in Occupancy from hour 11 to hour 12.', 'Observation 3: The change of -1 is within the range of [-2, 2].', 'Implication 2: Therefore, the prediction for the next hour (hour 12 to hour 13) will likely reflect a change within this range, indicating no significant increase or decrease.']",709,2
1,"['Observation: Occupancy at hour 11 is 5 and at hour 12 is 10.', 'Implication: This represents an increase of 5 in occupancy.', 'Observation: Previous hours show fluctuations, but the general trend indicates a potential increase in traffic.', 'Implication: If the pattern continues, an increase in occupancy beyond 2 is expected.', 'Final Assessment: Given that the increase from hour 11 to hour 12 is 5, which is greater than 2, the prediction categorization is 2 (increases by >2).']",714,2
2,"['Observation: The `Occupancy` at hour 11 is at 8, and at hour 12, it increases to 10.', 'Implication: This indicates an increase of 2, which is the threshold for category 1.', 'Observation: Looking at the trend between hours 10 and 12, `Occupancy` shows a general upward trend.', ""Implication: Given the consistent increase, it's reasonable to expect that the `Occupancy` will continue to rise in the next hour as well."", 'Observation: No significant external factors affecting `Occupancy` are noted in the other variables such as WindSpeed, Temp, Humidity, SolarRad, or Intensity that might indicate a decrease.', 'Implication: Therefore, based on the upward trend and lack of conflicting data, it seems likely that `Occupancy` will increase by more than 2 in the next hour.']",711,1
1,"['Observation: The occupancy level has fluctuated slightly over the past 12 hours, with values ranging from a low of around 200 to a peak of approximately 300.', 'Observation: In the last hour (hour 12), the occupancy was approximately 260.', 'Observation: In hour 11, the occupancy was around 265.', 'Implication: Since the difference in occupancy between hours 11 and 12 is -5, this indicates a slight decrease.', 'Observation: The changes in occupancy in the previous hours mostly remain within a range of +/-5.', 'Implication: Hence, it can be reasonably expected that further fluctuations will remain within this range.', 'Conclusion: Therefore, the prediction for the next hour (hour 13) is that the change in occupancy will remain within the range of -2 to 2.']",712,1
0,"['Observation: The occupancy is at 10 at hour 12, which is a decrease compared to hour 11 where it was at 12.', 'Observation: The occupancy values have fluctuated over the previous hours, with noticeable dips at hours 6 and 12.', 'Implication: Given the drop in the previous hour (11 to 12) and the trend of decreasing values towards the end of the chart, there is an indication that the occupancy is likely to continue decreasing.', 'Observation: The overall trend shows that occupancy has peaked at hour 11 before decreasing.', 'Implication: Based on this trend, I predict that the occupancy for the next hour will decrease by more than 2.']",713,2
0,"['Observation 1: The occupancy value at hour 11 is 9.', 'Observation 2: The occupancy value at hour 12 is 5.', 'Observation 3: The decrease from 9 to 5 represents a change of -4.', 'Implication: Since the change is greater than 2 in the negative direction, this falls into the category of a significant decrease.', 'Conclusion: Therefore, the prediction for the next hour (future hour 13) is that occupancy will decrease by more than 2.']",715,1
1,"['Observation: The occupancy values for the last hour (hour 12) is approximately 10.', 'Observation: The previous hour (hour 11) had an occupancy value of approximately 12.', 'Implication: The change from hour 11 to hour 12 shows a decrease of about 2.', 'Observation: The pattern over the last several hours indicates a fluctuation in occupancy, with values mostly hovering around 10 to 12.', 'Implication: Given that the value decreased by exactly 2, it falls within the threshold of a change of [-2, 2], which classifies it as a stable change.']",716,0
1,"['Observation: The occupancy at hour 11 is 6 and at hour 12 it is 8.', 'Implication: This indicates an increase in occupancy of 2 from hour 11 to hour 12, suggesting that traffic conditions have remained relatively stable.', 'Observation: The fluctuations in nearby variables such as temperature and humidity do not show significant changes that would greatly impact traffic occupancy.', 'Implication: Since the factors influencing traffic performance remain constant, major shifts in occupancy are less likely.', 'Conclusion: The occupancy increase of exactly 2 indicates a minor change, falling within the range of [-2, 2]. Therefore, the prediction is categorized as 1.']",717,2
1,"['Observation: The occupancy at hour 11 is at a value of approximately 5.', 'Implication: A value of 5 indicates a relatively low level of traffic occupancy.', 'Observation: The occupancy at hour 12 remains at a value of approximately 5.', 'Implication: The traffic occupancy did not change from hour 11 to hour 12, indicating stability.', 'Observation: Throughout the previous hours (1-10), the occupancy has fluctuated but the general trend shows variations within the range of about 0 to 10.', 'Implication: Given the lack of a significant increase or decrease in the last measurement (hours 11 to 12), we can expect occupancy to remain stable or exhibit slight fluctuations.', 'Conclusion: Thus, the predicted change in occupancy for the next hour is categorized as 1 (changes within [-2, 2]).']",718,2
1,"['Observation 1: The occupancy at hour 11 is approximately 445.', 'Observation 2: The occupancy at hour 12 is approximately 450.', 'Observation 3: The change in occupancy from hour 11 to hour 12 is an increase of 5.', 'Observation 4: This increase is greater than 2.', 'Implication: Since the change from hour 11 to hour 12 is an increase of more than 2, the prediction is categorized as 2 (increases by >2).']",720,0
1,"['Observation: The occupancy values for the last hour (12) is approximately 9.', 'Implication: If we analyze the previous hours, the values fluctuate between 7 and 11, with the values over the last few hours showing a slight decrease in occupancy from 10 to 9.', 'Observation: The occupancy decreased from 10 in hour 11 to 9 in hour 12.', 'Implication: The decrease of 1 indicates a downward trend but remains within the [-2, 2] change threshold.', 'Observation: There are no significant changes in other influencing factors (like NO2, Humidity, Wind Speed, and Temperature) in the last hour that could cause a major spike or drop in occupancy.', 'Implication: The factors appear stable, suggesting that the occupancy may remain stable or change slightly within the same range for the next hour.', 'Final Prediction: The change in occupancy is predicted to be within [-2, 2] for hour 12 to hour 13.']",721,2
2,"['Observation: The occupancy levels have shown a gradual increase from hour 11 to hour 12, moving from around 3.5 to 5.', 'Implication: This increase suggests that the traffic conditions are getting busier, leading to a predicted increase in occupancy for the upcoming hour.', 'Observation: The previous hour (hour 11) had lower occupancy levels, close to 3.5.', 'Implication: If we trust the trend that has been observed in the last hour, we can predict that the occupancy will continue to rise above 5.', 'Final Analysis: Given the upward trend and the current data, it is reasonable to categorize the change in occupancy as an increase of more than 2.']",719,0
