prediction,reasoning,id,true_label,retrieved_examples,retrieved_examples_true_labels
1,"The chart indicates that the `Occupancy` has been steadily increasing in the last few hours, but without sharp spikes. The `Intensity` is also rising gradually, suggesting that vehicle flow is stabilizing and there aren't immediate congestion concerns. Additionally, environmental factors like `NO2` are showing minor fluctuations, supporting a consistent flow. Thus, while there is an upward trend, it appears to remain within a modest range, leading to an anticipated change in `Occupancy` within [-2, 2].",580,1,"[507, 311, 288, 183, 411]","[1, 0, 1, 0, 1]"
1,"Occupancy has shown small oscillations around a low baseline, suggesting stability in traffic conditions. Intensity is also fluctuating without strong trends, which indicates demand remains steady. WindSpeed, Temperature, and Humidity show no extreme variations that could provoke significant changes in Occupancy. Therefore, it is reasonable to predict that any changes will remain within the range of [-2, 2].",579,1,"[392, 100, 504, 20, 95]","[1, 1, 1, 0, 1]"
2,"The chart shows a recent upward trend in `Occupancy`, with values increasing toward the end of the timeframe. Concurrently, `Intensity` is stable or increasing, indicating that traffic flow is being maintained or improved. Additionally, `NO2` levels suggest reduced idling and smoother traffic flow. These factors imply that the current conditions favor an increase in `Occupancy` by more than 2 in the next hour.",584,0,"[411, 247, 360, 311, 331]","[1, 0, 1, 0, 0]"
1,"Occupancy shows a slight increase over the last few hours and the overall trend seems to be stable. Intensity has mild fluctuations without sharp spikes, indicating a controlled traffic flow. Environmental factors like WindSpeed, Temperature, and Humidity remain stable, suggesting no significant external disruption. Therefore, the occupancy is likely to change within the range of [-2, 2].",583,1,"[392, 504, 100, 95, 20]","[1, 1, 1, 1, 0]"
0,"The chart shows a decline in Intensity that has recently continued, which indicates reduced demand for lane use. Occupancy has recently fluctuated but shows a declining trend, suggesting that the system may be experiencing decreasing pressure leading to a potential decrease in occupancy by more than 2 units in the upcoming hour. Furthermore, both NO2 levels and the stable Weather indicators (Temperature, WindSpeed, and Humidity) do not signal any factors that would cause an increase in traffic flow or occupancy.",581,2,"[37, 419, 506, 517, 61]","[1, 1, 1, 2, 1]"
0,"The chart shows that Occupancy peaked at hour 10 and has been on a decline through hours 11 and 12, indicating a queue-dissipation phase. Additionally, Intensity has remained steady despite a slight upward trend, suggesting that the traffic flow is stabilizing. Environmental factors like WindSpeed, Temperature, and Humidity are relatively stable and do not indicate significant disruptions. Based on these patterns, it is reasonable to expect that Occupancy will decrease further as congestion subsides, leading to a change greater than 2.",578,1,"[96, 306, 505, 497, 28]","[1, 1, 1, 1, 1]"
1,"The chart shows that Occupancy has been fluctuating within a narrow range, with no sharp increases or decreases. The Intensity is relatively flat, indicating low demand, which typically leads to stability in occupancy levels. Additionally, environmental variables such as humidity and temperature are consistent, suggesting steady traffic conditions. Based on these observations, the change in occupancy is likely to remain within a small range of [-2, 2].",582,1,"[96, 505, 306, 28, 497]","[1, 1, 1, 1, 1]"
1,"The occupancy has shown a steady but slight decline throughout the last few hours with fluctuations, especially peaking at hour 12. Given that the intensity has decreased and the patterns in NO2 indicate variability without strong surges, next hour changes are likely to remain within a narrow range. Additionally, stable environmental conditions (moderate wind and temperature) suggest limited changes in traffic flow, favoring a fluctuation within the range of [-2, 2].",577,2,"[414, 9, 310, 517, 61]","[2, 2, 2, 2, 1]"
1,"Occupancy has exhibited minor fluctuations without substantial trends in the recent hours, suggesting bounded variability. The intensity shows slight increases and steady conditions in wind speed, temperature, and humidity support stable traffic flow. These factors indicate that while demand may rise moderately, the system is not under pressure to change occupancy significantly. Hence, the prediction is for minor changes to continue without exceeding the [-2, 2] range.",587,1,"[96, 504, 28, 392, 20]","[1, 1, 1, 1, 0]"
1,"The chart indicates that Occupancy has been relatively stable with small oscillations over the last few hours, similar to previous examples where stability led to limited occupancy changes. Intensity is also low and gradually declining, and environmental factors like wind speed, temperature, and humidity show no significant shocks or trends that would cause a disruption. Thus, it is likely that the changes in Occupancy will remain within the range of [-2, 2].",590,1,"[96, 306, 505, 497, 409]","[1, 1, 1, 1, 1]"
1,"The recent chart shows that Occupancy has experienced slight oscillations and remains within a narrower band, suggesting a mean-reverting behavior. Intensity remains relatively stable without sharp spikes or declines, indicating minimal demand fluctuations. Furthermore, environmental factors like WindSpeed, Temperature, and Humidity are also stable, reinforcing that conditions are not conducive for significant external shifts in traffic behavior. Therefore, I predict the change in Occupancy will remain within the range of [-2, 2].",586,1,"[96, 306, 505, 409, 202]","[1, 1, 1, 1, 1]"
0,"The chart shows a declining trend in Intensity from hours 10 to 12, suggesting easing demand and traffic flow. Occupancy is fluctuating but has generally been decreasing in the last few hours, which aligns with the observed patterns of reduced demand. Additionally, NO2 levels have increased slightly, indicating potential idling from the reduced flow, which typically leads to occupancy decreases. The remaining environmental factors (WindSpeed, Temp, and Humidity) remain stable, contributing to lower volatility. Based on these insights, it's likely that occupancy will decrease by more than 2 in the next hour.",585,1,"[118, 517, 285, 286, 199]","[1, 2, 1, 1, 2]"
1,"Occupancy has been fluctuating within a narrow band over the last few hours, indicating a stable traffic environment. The intensity has a slight downward trend but remains relatively consistent, while environmental factors such as wind speed, temperature, and humidity are stable, suggesting no major disruptions. The NO2 levels imply a consistent vehicle load, but given the trend of occupancy oscillating slightly, any changes are expected to remain minor. Hence, a change within [-2, 2] is predicted.",589,1,"[505, 517, 574, 118, 306]","[1, 2, 1, 1, 1]"
0,"The chart shows a recent increase in `Occupancy`, which appears to be responding to a rise in `Intensity` without substantial spikes in `NO2`. The overall trends suggest a potential stabilization, but given the recent pattern of low `Intensity` coupled with a plateau in `Occupancy`, it is likely that the occupancy will decrease shortly as transient conditions settle. Additionally, `WindSpeed` and `Humidity` are mostly stable, which supports consistent flow rather than congestion. Hence, the prediction is that `Occupancy` will decrease by more than 2.",591,0,"[247, 223, 411, 331, 360]","[0, 0, 1, 0, 1]"
0,"['Occupancy has shown a gradual increase from hour 8 to hour 12, suggesting a potential peak approaching.', 'Intensity has been rising steadily, indicating an increase in vehicle discharge which may lead to queuing behavior.', 'NO2 concentration has increased recently, suggesting higher congestion and stop-and-go conditions.', 'WindSpeed is relatively stable, while Temperature shows minor fluctuations, contributing to potentially steady driving conditions.', 'Previous patterns indicate that sharp peaks in occupancy have been typically followed by significant decreases as traffic dissipates post-peak.', 'Given the current upward trend combined with the expected discharge, a significant increase in occupancy is unlikely; thus, a decrease is more probable.']",588,0,"[247, 311, 411, 223, 119]","[0, 0, 1, 0, 0]"
0,"['Occupancy shows a steady increase from hour 11 to hour 12, reaching a peak, indicating a possible transient buildup.', 'Intensity is also rising as it approaches this peak, suggesting a high flow but extending towards saturation.', 'NO2 levels have risen strongly, indicating increased emissions likely due to reduced flow speeds and potential congestion.', 'The earlier patterns observe that after a peak in occupancy and intensity, conditions typically revert, leading to a decrease in occupancy.', 'With the current proximity to a peak in occupancy and the rise of NO2, it is likely that the next hour will show a reversal, leading to a decrease of greater than 2.']",592,0,"[247, 311, 223, 411, 119]","[0, 0, 0, 1, 0]"
1,"The chart shows that Occupancy has remained relatively stable with minor oscillations around low values in the most recent hours, indicating a steadiness in demand. The trends in Intensity suggest no significant surges or drops, supporting the idea of future stability. NO2 levels are steady, and environmental factors like WindSpeed, Temperature, and Humidity are also stable, which minimizes the potential for sudden changes in traffic occupancy. Therefore, I anticipate that the Occupancy will change within a range of [-2, 2].",593,1,"[505, 203, 574, 497, 96]","[1, 1, 1, 1, 1]"
1,"Occupancy has been exhibiting slight fluctuations without drastic changes, indicating stable behavior. The recent trend shows minor oscillations and the environment factors (like WindSpeed and Humidity) remain steady. As a result, it is expected that the upcoming change in occupancy will remain within the range of [-2, 2].",594,1,"[96, 306, 505, 198, 574]","[1, 1, 1, 1, 1]"
1,"The chart indicates that Occupancy has been oscillating within a limited range with small swings, reflective of mean-reverting behavior. Intensity has shown slight upward movement at hour 12, suggesting a possibility of occupancy stabilizing rather than making abrupt increases. Additionally, NO2 levels fluctuate but are not indicating a surge in traffic. Overall, the consistent environmental conditions imply that changes in Occupancy will likely remain within a narrow band.",598,1,"[96, 306, 505, 409, 28]","[1, 1, 1, 1, 1]"
1,"Occupancy remains relatively stable in the recent hours, with slight oscillations that suggest a pattern of mean-reversion around a stable level. The intense observation in the chart shows that overall intensity is gradually increasing, but this is not translating into significant shifts in occupancy. NO2 levels are fluctuating, but not with enough force to indicate a disruptive increase in traffic; conditions such as windspeed and temperature are also consistent with no major disruptions in traffic flow. Therefore, it is reasonable to predict that the occupancy will change within the range of [-2, 2] for the next hour.",600,1,"[507, 416, 288, 311, 280]","[1, 1, 1, 0, 1]"
2,"The current chart shows occupancy trending upward, especially towards the end of the observed period. Intensity has displayed a slight increase, indicating higher traffic flow, which typically correlates with increased occupancy. The temperature appears stable, while humidity holds steady, suggesting favorable driving conditions. Additionally, there is no sudden spike in NO2, which often accompanies congestion; hence, the conditions support the expectation for continued growth in occupancy for the next hour.",595,0,"[311, 288, 560, 540, 183]","[0, 1, 2, 0, 0]"
1,"Occupancy appears to be oscillating within a narrow range, showing stability with small fluctuations over the previous hours. While NO2 levels are steady and WindSpeed remains relatively constant, the Intensity indicates modest changes. Therefore, I expect Occupancy to change within the range of [-2, 2] in the next hour.",599,1,"[505, 23, 96, 198, 306]","[1, 1, 1, 1, 1]"
1,"The `Occupancy` shows a gradual rate of increase over the last few hours, with its current value displaying stability around a moderate level. This is supported by the lack of sharp spikes in `Intensity` and the steady behavior of other variables like `NO2`, `Temp`, and `Humidity`. The environmental conditions (like stable Temperature and moderate WindSpeed) seem to favor a smooth traffic flow, limiting abrupt changes in occupancy. Therefore, it is expected that the changes in `Occupancy` will remain within the range of [-2, 2].",596,0,"[411, 331, 311, 227, 360]","[1, 0, 0, 0, 1]"
1,"['Occupancy shows minor fluctuations and a generally low trend over the past hours with no extreme spikes or significant directional movements.', 'Intensity remains relatively flat, suggesting steady demand and minimizing the likelihood of abrupt changes in occupancy.', 'NO2 levels reflect consistent emissions without notable increases, indicating stable traffic flow.', 'WindSpeed and Humidity values have shown gradual changes, implying minimal weather-related disruptions affecting travel behavior.', 'Overall, historical patterns suggest that current conditions are stable, leading to an expected change in Occupancy within the small range of [-2, 2].']",597,1,"[574, 203, 497, 505, 210]","[1, 1, 1, 1, 1]"
1,"The occupancy has been oscillating slightly around low values, indicating a stable off-peak condition. The intensity has shown a gradual decline without significant spikes, suggesting no sudden influx of vehicles. Additionally, NO2 levels remain relatively stable, supporting the notion of consistent traffic conditions. Therefore, it is expected that the occupancy will change within the range of [-2, 2].",601,1,"[505, 25, 493, 285, 286]","[1, 1, 1, 1, 1]"
1,"Occupancy exhibits minor fluctuations around a steady level with no distinct upward or downward trend, indicating a stable traffic flow. While there are slight variations in humidity, wind speed remains low, suggesting minimal disturbances. Intensity has been maintaining a moderate level without sharp jumps. The historical patterns imply that such stable conditions will likely result in only small changes in occupancy, hence the prediction of a change within the range of [-2, 2].",603,1,"[392, 504, 95, 100, 20]","[1, 1, 1, 1, 0]"
1,"Occupancy shows small fluctuations, indicating a stable environment. Intensity has been declining, suggesting a continuation of low-demand conditions. The accompanying environmental factors, including consistent low temperature, stable wind speed, and low solar radiation, further point to a lack of significant demand shifts. Given the historical patterns observed, it's likely that occupancy will remain within the range of [-2, 2].",605,1,"[505, 29, 497, 306, 409]","[1, 1, 1, 1, 1]"
0,"The latest chart shows a declining trend in occupancy in combination with stable to slightly increasing intensity levels. The NO2 levels are also fluctuating but show no strong upward trend, which would indicate increased congestion. Additional observations indicate steady or rising wind speed and modest temperature, providing favorable driving conditions. These factors, alongside the overall trend, suggest a high likelihood of occupancy decreasing by more than 2 in the next hour.",604,0,"[311, 388, 183, 560, 280]","[0, 0, 0, 2, 1]"
1,"The new chart shows that Occupancy has experienced small fluctuations, remaining close to its recent average. Intensity is also subdued, indicating a stable post-peak demand period without sharp changes. Additional factors such as stable WindSpeed, NO2 levels without significant spikes, and consistent temperature suggest that there are no imminent disruptions to traffic flow. Therefore, I predict that the change in Occupancy for the next hour will remain within the bounds of [-2, 2].",602,1,"[306, 505, 96, 409, 497]","[1, 1, 1, 1, 1]"
0,"Occupancy has been showing a declining trend, particularly after a peak earlier in the series. Intensity is gradually increasing, but it is accompanied by stable or declining NO2 levels, indicating smoother flow of traffic without congestion buildup. Additionally, wind speed remains moderate and stable, further supporting clear traffic conditions. The recent slight increase in occupancy is seen as a transient fluctuation rather than persisting congestion. Therefore, it is anticipated that occupancy will continue to decline, likely decreasing by more than 2.",607,0,"[311, 411, 507, 388, 183]","[0, 1, 1, 0, 0]"
1,"The occupancy data shows fluctuating patterns without sharp increases or decreases. Intensity has been rising steadily without corresponding spikes in occupancy, suggesting that vehicles are moving smoothly. NO2 levels are gradually increasing, which could indicate a rise in traffic volume, but the occupancy rate remains relatively stable. WindSpeed is moderate, and temperature is consistent, contributing to steady driving conditions. Thus, the occupancy is predicted to remain within a range of [-2, 2] for the next hour, indicating only minor changes.",608,0,"[311, 507, 416, 288, 280]","[0, 1, 1, 1, 1]"
2,"The new chart shows a steady upward trend in Occupancy during the previous hour. The accompanying metrics indicate increasing NO2 levels, stable humidity, and a slight uptick in intensity, which suggest heightened vehicle activity. This pattern aligns with previously observed trends where an increase in these parameters is associated with a subsequent rise in Occupancy.",606,1,"[310, 517, 521, 414, 9]","[2, 2, 2, 2, 2]"
1,"In the new chart, occupancy has shown a slight oscillation around its previous values without significant peaks or drops. Intensity is stable and low, which typically correlates with steady occupancy levels. Other environmental factors, such as wind speed and humidity, remain consistent without notable changes. The categories of NO2 and temperature also do not signal any immediate demand shocks or changes in traffic behavior. Therefore, it is likely that occupancy will continue to change within a range of [-2, 2].",609,1,"[285, 505, 25, 118, 286]","[1, 1, 1, 1, 1]"
1,"The latest observations show that Occupancy has remained relatively stable with only minor fluctuations near the end of the chart. Intensity has also been flat, suggesting low demand and minimal shifts in traffic behavior. Meanwhile, NO2 levels, while showing some variation, are not indicative of significant congestion. The weather parameters (WindSpeed, Temperature, Humidity, and SolarRad) exhibit smooth, steady values without sudden changes that could trigger major occupancy swings. All these factors suggest that the changes in Occupancy will likely remain within the range of [-2, 2] for the next hour.",610,1,"[306, 505, 96, 409, 34]","[1, 1, 1, 1, 1]"
2,"The latest trend shows an upward movement in both 'Intensity' and 'Occupancy', suggesting increased traffic flow. NO2 levels are relatively stable at a moderate level, indicating steady traffic conditions without abrupt spikes. Weather conditions, as indicated by 'Temp' and 'Humidity', appear stable, which typically supports continued traffic flow. Additionally, a notable rise in 'SolarRad' may imply increased visibility and potentially more traveling. Given these patterns, it's reasonable to predict an increase in 'Occupancy' in the next hour.",611,0,"[360, 239, 247, 560, 255]","[1, 1, 0, 2, 1]"
1,"Observing the latest hour's data, occupancy has remained relatively stable around its previous levels with slight variations. Intensity shows mild fluctuations, while NO2 and wind speed are not indicating any abrupt changes. Weather conditions are consistent, not favoring a sudden demand increase or decrease. Therefore, occupancy is expected to change within the range of [-2, 2], indicating stability in traffic patterns.",615,1,"[568, 540, 188, 524, 531]","[1, 0, 1, 1, 2]"
2,"The analysis of the new chart shows that NO2 levels are trending upward, indicating increasing vehicle emissions, which typically correlates with higher traffic density. The trend in WindSpeed is stable but does not present any adverse impacts; hence, the air quality is likely to affect vehicle behavior positively. Occupancy has been oscillating around a similar range but appears to have recently stabilized before showing signs of a rebound. With the observed increase in NO2 and the absence of negative influences such as adverse weather conditions or significant drops in other traffic indicators (like Intensity), it is likely that occupancy will increase by more than 2 in the next hour.",613,1,"[538, 477, 9, 473, 121]","[2, 2, 2, 2, 2]"
1,"The observed data shows a stable pattern in occupancy with only slight fluctuations in the recent hours. Although Intensity has shown an upward trend, the corresponding increase in NO2 suggests higher vehicle count without significant queue buildup. WindSpeed remains moderate, facilitating smoother traffic flow, while Temperature is steady without extreme variations. Overall stability in conditions, along with minor oscillations in occupancy, indicates that any changes will likely fall within the predefined range of [-2, 2].",612,0,"[311, 540, 507, 416, 280]","[0, 0, 1, 1, 1]"
1,"['Occupancy has oscillated narrowly around a stable range in recent hours, reflecting limited volatility.', 'Intensity shows a slight decreasing trend, but with no sharp changes, suggesting stable demand.', 'NO2 levels have remained relatively flat, indicating no sudden increases in traffic flow.', 'Weather conditions, such as wind speed and temperature, appear steady without disruptive changes.', 'Humidity has been rising gradually, but without significant impacts on traffic patterns.', 'These factors combined suggest that occupancy will likely change within a narrow band, hence a prediction of changes within [-2, 2].']",614,2,"[505, 306, 574, 25, 409]","[1, 1, 1, 1, 1]"
2,"['Occupancy has shown an upward trend recently, particularly visible from h10 to h12.', 'Intensity is rising steadily towards a maximum, indicating increased traffic inflow.', 'NO2 levels are elevated, suggesting heavier traffic presence and potentially longer dwell times.', 'WindSpeed is stable, indicating no adverse weather effects, which typically supports increased flow.', 'Temperature and Humidity are stable, suggesting favorable driving conditions, allowing continued traffic growth.', 'Overall, the data suggests that the conditions favor a significant increase in occupancy.']",616,0,"[560, 3, 311, 540, 360]","[2, 2, 0, 0, 1]"
2,"Occupancy shows a recent dip at the end, but a rebound pattern is suggested considering the preceding increased values and stable conditions. Intensity remains moderately high, which typically links to higher occupancy. Additionally, NO2 levels are up, indicating consistent vehicular presence, and weather conditions remain favorable for traffic flow, supporting a rise in occupancy.",617,2,"[326, 430, 461, 73, 565]","[2, 2, 2, 2, 2]"
1,"The occupancy has been fluctuating within a small range in recent hours, displaying stability. The intensity is also exhibiting a slight downward trend but without strong negative pressure. Environmental factors such as humidity appear stable, which is consistent with limited demand shocks likely to affect occupancy significantly. Thus, I anticipate occupancy changes to remain within the range of [-2, 2].",618,2,"[517, 521, 573, 285, 89]","[2, 2, 2, 1, 1]"
1,"The current chart shows fluctuations in occupancy that suggest a stable low density regime, similar to previous examples where occupancy changes were limited to a narrow band. Intensity levels are moderate, the weather conditions are stable, and no abrupt changes in environmental factors are present. This indicates that occupancy will likely change within the range of [-2, 2], continuing the trend of low variability.",619,1,"[72, 519, 532, 0, 505]","[1, 1, 1, 1, 1]"
2,"Occupancy shows a recent trough followed by sharp increases in both NO2 and Intensity leading up to hour 12. Historical patterns indicate that following lower occupancy periods, increases in those variables often result in significant upward shifts in occupancy. The gradual rise in Humidity and stable temperature also suggest conditions conducive to higher occupancy. Given these indicators, a rise in occupancy by more than 2 is expected.",622,2,"[9, 538, 477, 61, 178]","[2, 2, 2, 1, 2]"
2,"Occupancy shows a recent low at the last timestamp (hour 12), suggesting a potential for rapid recovery based on historical patterns of mean-reversion observed in previous examples. Intensity remains stable despite the drop, indicating ongoing demand. NO2 levels are elevated, signaling continued vehicle presence, which supports the likelihood of a rebound in Occupancy. Additionally, wind conditions are steady, and temperature is consistent, which typically facilitates increased vehicle dwell time in the detection zone. Coupled with the analysis of historical data showing similar situations leading to a rise in Occupancy, a significant increase (>2) is anticipated.",621,2,"[326, 133, 449, 430, 73]","[2, 2, 2, 2, 2]"
1,"The current occupancy trend shows isolated peaks with minor fluctuations, indicative of transient queues. Intensity appears stable with slight variations, suggesting that current flow conditions may not lead to significant increases or decreases in occupancy. While NO2 is stable and humidity and temperature conditions are also favorable, they do not indicate extreme changes in traffic conditions. Therefore, it's likely that occupancy will remain within a range of [-2, 2] for the next hour.",623,1,"[540, 563, 560, 151, 163]","[0, 2, 2, 0, 0]"
2,"['Occupancy shows upward momentum at the end of the window, specifically climbing from lower levels earlier in the period.', 'Intensity is increasing in the latest hours, which is typically correlated with higher occupancy due to increased vehicle presence.', ""NO2 levels are relatively stable but don't indicate decreases, supporting sustained traffic flow."", 'Temperature is steady, and WindSpeed is moderate, indicating stable weather conditions conducive to additional trips.', 'The historical context suggests that conditions observed (particularly the rising intensity and current occupancy trends) often lead to increases in occupancy of more than 2 units.']",620,0,"[560, 540, 431, 360, 563]","[2, 0, 1, 1, 2]"
2,"The Occupancy chart shows a trough at the last hour, indicating a potential rebound based on mean-reversion behavior observed in previous examples. Intensity is stable but has not experienced a sharp drop, suggesting underlying demand remains present. Additionally, NO2 levels have increased, indicating persistent vehicular presence, which supports a likelihood of higher occupancy in the next hour. The environmental conditions appear stable, with lower wind speeds and continuous solar radiation, further supporting increased occupancy as demand resumes.",625,2,"[430, 133, 326, 461, 73]","[2, 2, 2, 2, 2]"
1,"['Occupancy has shown minor fluctuations, oscillating in a narrow band (around 7 to 7.5) in the last few hours, indicating a stabilized condition.', 'Intensity remains relatively steady with no significant upward or downward trends, suggesting that traffic volume is steady and not producing large occupancy shifts.', 'NO2 levels are consistent, reinforcing the idea of a stable traffic flow.', 'Temperature and humidity have shown little change, indicating no sudden weather-related impacts that could disrupt traffic flow or occupancy dynamics.', 'Given the past patterns where steady flows have led to minimal occupancy changes, it is expected that future occupancy will also show minor variations.']",624,0,"[360, 268, 431, 540, 556]","[1, 0, 1, 0, 1]"
2,"{'occupancy': {'current_trend': 'Occupancy has been fluctuating but shows an upward trend after recent declines.', 'recent_behavior': 'Occupancy dipped in the last hour but generally follows a pattern of quick rebounds after troughs, as seen in examples.', 'intensity': {'recent_trend': 'Intensity has been moderately high and stable, indicating underlying demand.', 'historical_coupling': 'Past data shows that increases in intensity often lead to corresponding rises in occupancy.'}, 'weather_conditions': {'wind_speed': 'Remains moderate and steady, supporting gradual occupancy increases.', 'humidity': 'Rising humidity paired with low wind speed often correlates with slower speeds, thus higher occupancy.', 'solar_radiation': 'Moderate levels signal consistent demand while not accelerating speeds causing traffic to back up.'}, 'emissions': {'NO2 levels': 'Show recent peaks, indicating active traffic, and are likely to rise with increased flow, reinforcing higher occupancy.'}}}",626,2,"[326, 430, 538, 461, 73]","[2, 2, 2, 2, 2]"
2,"The analysis of the parameters indicates a rising trend in Intensity, which has reached a peak. Simultaneously, Occupancy is currently trending upwards as well, suggesting a transition into a more congested state. The consistent increase in NO2 emissions further supports the idea of heavier traffic and increased queue formations. Given these observations, it is likely that Occupancy will increase by more than 2 in the next hour.",628,0,"[360, 540, 268, 431, 560]","[1, 0, 0, 1, 2]"
0,"['The current occupancy shows a slight peak followed by stabilization in the later hours, indicating transient behavior that typically dissipates.', 'The intensity has risen slightly while NO2 remains relatively steady, suggesting improved traffic flow and less idling, which correlates with lower occupancy.', 'Recent fluctuations in intensity without significant spikes imply that any resulting queuing effects are likely to ease.', 'Weather conditions are stable with consistent humidity and temperature, which typically support a smoother flow and reduced congestion.', 'Based on historical patterns, high intensity generally corresponds with lower or stable occupancy in the absence of significant upstream restrictions.']",627,1,"[560, 311, 331, 247, 360]","[2, 0, 0, 0, 1]"
1,"Occupancy remains within a relatively stable range, fluctuating slightly but not showing any significant increasing or decreasing trend over the past hours. The intensity is also not experiencing dramatic changes, indicating that inflow and outflow are balanced. Consequently, it is predicted that occupancy will change within the range of [-2, 2] in the next hour.",631,1,"[3, 431, 563, 540, 360]","[2, 1, 2, 0, 1]"
1,"Occupancy has shown a nearly stable trend with minor fluctuations in the past intervals. Although intensity has risen indicating increasing traffic flow, the recent data suggests a plateauing, indicating that the higher traffic might not immediately translate into a significant increase in occupancy. Therefore, it is expected to change within the range of [-2, 2].",632,0,"[3, 560, 540, 268, 563]","[2, 2, 0, 0, 2]"
1,"The latest hour shows a slight dip in Occupancy, though it remains above earlier lows. Intensity has maintained a moderate level suggesting underlying demand. NO2 is stable but elevated, indicating ongoing vehicular activity. WindSpeed is low, promoting longer time spent over detectors. Humidity trends upward, enhancing the likelihood of slower speeds, which can contribute to higher occupancy. Hence, a minor change within the range of [-2, 2] is anticipated.",629,2,"[133, 430, 73, 326, 449]","[2, 2, 2, 2, 2]"
2,"The latest chart shows that occupancy has oscillated with peaks and troughs, indicating a transient pattern that tends to revert upward following dips. Intensity is moderate, which, combined with a steady NO2 level suggesting ongoing vehicle activity, indicates underlying demand. Wind speed is stable, allowing for regular flow, and temperature is mild, contributing to normal travel conditions. These factors suggest that occupancy will likely increase by more than 2 in the next hour.",630,2,"[449, 245, 238, 433, 73]","[2, 2, 2, 2, 2]"
2,"The current chart shows occupancy with a slight dip at hour 12 following a recent peak. However, there are several supporting indicators suggesting an increase in occupancy for the next hour: 1) Intensity has shown stable values in recent hours, indicating persistent traffic demand. 2) NO2 levels remain elevated, reflecting ongoing vehicular activity. 3) WindSpeed is generally low, which tends to correlate with slower traffic, thereby increasing occupancy for existing flow. 4) Humidity gradually increases while Temp remains stable, favoring slower traffic speeds. Collectively, these factors imply a likely rebound in occupancy.",633,2,"[326, 133, 170, 449, 73]","[2, 2, 2, 2, 2]"
2,"Occupancy is currently at a local trough at the last timestamp, similar to prior patterns where troughs were followed by increases (as observed in previous cases). Intensity has been stable despite a recent decrease, suggesting that latent demand may lead to a rebound. NO2 levels have shown fluctuations indicating vehicular presence, and conditions such as low wind speed and stable humidity favor increased occupancy. Therefore, the conditions suggest that there will be an increase in occupancy by more than 2 in the next hour.",634,1,"[326, 461, 430, 565, 546]","[2, 2, 2, 2, 2]"
1,"The new chart shows that Occupancy has been oscillating within a narrow band, indicating low volatility and a tendency towards mean reversion. Intensity is stable with no sharp spikes, suggesting consistent demand without abrupt changes. Weather variables like WindSpeed and Humidity are relatively stable, with no significant disturbances noted. Additionally, even though NO2 shows some fluctuations, there are no strong increases that would correlate with a surge in traffic. Thus, the prediction is that Occupancy will change within the range of [-2, 2].",636,0,"[280, 540, 568, 188, 507]","[1, 0, 1, 1, 1]"
1,"Occupancy has shown a stable pattern with minor fluctuations, and while the intensity has been oscillating, its recent small changes coupled with low wind speed and steady weather conditions indicate that there's unlikely to be a significant shift in vehicle presence. The occupancy appears to be stabilizing around its current levels, suggesting that changes will remain within the range of [-2, 2].",639,1,"[188, 540, 563, 132, 280]","[1, 0, 2, 1, 1]"
2,"Occupancy has recently shown a slight increase after a period of stability, with a potential to rebound further due to the combination of increasing NO2 levels and stable environmental conditions. The gradual rise in humidity paired with steady wind speed indicates less disruption in traffic flow, which aligns with typical patterns observed in previous examples where similar conditions have led to an increase in occupancy. Overall, the current observations suggest a favorable environment for traffic density growth.",638,1,"[538, 9, 61, 422, 530]","[2, 2, 1, 2, 2]"
1,"Occupancy shows a very slight upward trend towards hour 12 after relatively stable behavior in prior hours. Intensity is gradually increasing, but environmental factors such as consistent WindSpeed and moderate temperature indicate that external disturbances are minimal. The lack of abrupt changes in NO2 and humidity further supports the idea that occupancy will not experience sharp fluctuations. Therefore, it is likely to change within the range of [-2, 2].",640,1,"[188, 160, 132, 524, 280]","[1, 0, 1, 1, 1]"
2,"['Occupancy has demonstrated a recent trough at hour 11 followed by a significant increase at hour 12. The historical pattern shows that dips in occupancy are usually followed by rebounds.', 'NO2 is showing a rising trend towards the end, indicating increased vehicle presence, which is correlated with higher occupancy.', 'Intensity has a stable level throughout the hours, particularly high around hour 11, suggesting continued demand that typically leads to increased occupancy.', 'WindSpeed remains relatively low, which supports higher pollutant levels and indicates slower traffic, leading to higher occupancy.', 'Humidity has shown a consistent trend, suggesting that the environmental conditions are conducive to increased lane occupancy.']",637,2,"[85, 277, 326, 181, 477]","[2, 2, 2, 2, 2]"
1,"['Occupancy has shown slight oscillations in recent hours, but overall, it remains close to the same value without significant upward or downward momentum.', ""Intensity has fluctuated around a similar stable range, indicating a consistent but low throughput; any significant upcoming flow changes likely won't strongly impact occupancy."", 'NO2 values are stable but not high, suggesting a consistent traffic condition rather than idling or congestion.', 'WindSpeed is marginally stable with no significant drop or increase, likely contributing to consistent traffic flow without additional turbulence.', 'Temperature shows a minor upward trend, supporting favorable conditions for travel but without drastic changes expected in occupancy.', 'Humidity is increasing but not to levels that would typically affect occupancy substantially. Therefore, a change within -2 to 2 is anticipated based on current indicators.']",635,1,"[560, 3, 540, 563, 268]","[2, 2, 0, 2, 0]"
2,"['Occupancy has shown an upward trend in the last hour, suggesting a recovery phase following a trough.', 'Intensity has remained moderate, indicating a steady flow of vehicles which typically corresponds with increases in occupancy.', 'NO2 levels have remained elevated, showing sustained vehicular activity, which supports increased detector loading.', 'WindSpeed is low and stable, which contributes to slower speeds and higher occupancy as vehicles linger in detection zones.', 'Humidity is fluctuating but remains at moderate levels, and SolarRad is stable, facilitating consistent travel conditions that can support an increase in occupancy.', 'Past patterns from previous examples indicate that periods of low occupancy followed by stabilization often result in subsequent increases.']",641,2,"[133, 430, 326, 73, 449]","[2, 2, 2, 2, 2]"
2,"['Occupancy shows a recent trough at the final timestamp (h12) which is typically followed by rebounds in previous examples.', 'Intensity has visible peaks and troughs that align with increases in occupancy in the historical patterns. A recent peak indicates potential demand and vehicle accumulation.', 'Humidity is rising, which suggests a stable boundary layer that tends to retain vehicle emissions and supports higher lane occupation.', 'NO2 is increasing towards the end, indicating higher emission levels and likely congestion, which typically correlates with higher occupancy.', 'The wind speed is relatively low, further promoting accumulation and occupancy increases as vehicles are likely to remain in steady traffic conditions.']",642,2,"[430, 85, 461, 326, 546]","[2, 2, 2, 2, 2]"
1,"['Occupancy has shown a gradual increase in the last hour, suggesting a stabilization trend rather than a rapid growth.', 'Intensity is relatively stable and does not indicate a significant inflow or surge that would lead to a sharp increase in occupancy.', 'NO2 emissions are relatively constant, indicating stable traffic flow rather than congestion or rapid queues building up.', 'Weather conditions (temperature, humidity, wind speed) are consistent, implying no external factors affecting traffic dynamics.', 'Given the overall trends and gradual changes, I anticipate that occupancy will remain within a range of [-2, 2] in the next hour.']",644,0,"[431, 268, 3, 363, 260]","[1, 0, 2, 2, 0]"
2,"Occupancy shows a local trough at the last timestamp (h12), which is typically followed by a rebound based on historical patterns. Intensity has experienced a decline leading into h12, suggesting a buildup of latent demand that can transition into higher occupancy as vehicles resume flow. Additionally, the stable weather conditions indicated by consistent temperature and modest wind speed support higher occupancy levels as well.",646,2,"[430, 326, 461, 133, 170]","[2, 2, 2, 2, 2]"
2,"Occupancy has shown a trough at the last hour (h12), after a notable decline. However, there was a recent spike at h11, indicating a rebound pattern might occur. The NO2 levels remain high, suggesting sustained vehicle activity, while wind speed is low, which reduces the potential for dispersion of traffic flow. The conditions indicate an increase in occupancy due to the observed cyclical recovery pattern after such dips.",645,2,"[133, 430, 238, 469, 449]","[2, 2, 2, 2, 2]"
0,"Occupancy has shown an uptick in the last hour, alongside a moderate increase in Intensity, indicating a buildup of traffic. Given the patterns from historical examples, this suggests that a temporary peak may be present, leading to increased occupancy in the next hour. However, emissions (NO2) have also risen, which typically signals worsening congestion. The environmental factors (Temp stable and low WindSpeed) suggest steady conditions that could exacerbate this situation. Overall, these indicators imply that Occupancy is likely to decrease by more than 2 due to the anticipated effect of congestion settling back in.",643,0,"[540, 151, 163, 563, 431]","[0, 0, 0, 2, 1]"
1,"Occupancy has been fluctuating narrowly around 5–7, indicating a stable operating regime. The recent slight increase in intensity suggests that while demand may be rising, it is not likely to lead to a significant change in occupancy. Additionally, the trending metrics like NO2 and Weather parameters (Temperature and Humidity) are stable, further supporting the indication that any changes to occupancy will likely remain within the [-2, 2] range.",648,1,"[431, 363, 531, 544, 260]","[1, 2, 2, 1, 0]"
2,"The latest hour shows a rebound in NO2 levels, indicating increased vehicle presence, while WindSpeed remains stable and conducive for flow. Previous dips in Occupancy have historically been followed by rebounds, particularly with high Intensity readings. The pattern of mean-reversion after sharp occupancy drops is seen in earlier examples. Overall, the conditions suggest a favorable environment for an increase in Occupancy in the next hour.",649,2,"[133, 449, 437, 157, 433]","[2, 2, 2, 2, 2]"
1,"['Occupancy is currently fluctuating slightly without a clear upward or downward trend, suggesting stability around a particular level.', 'Intensity shows a mild oscillation without sharp spikes, indicating consistent vehicle flow without recent surges.', 'NO2 levels are elevated but do not show abrupt increases; this suggests ongoing vehicular presence but not congestion.', 'Weather factors such as WindSpeed and Temperature are relatively stable, meaning external conditions are not expected to disrupt traffic flow.', 'The previous trend in occupancy has shown small deviations, indicating that any changes in the next hour are likely to stay within a narrow band.']",647,0,"[431, 563, 540, 3, 268]","[1, 2, 0, 2, 0]"
2,"['The current occupancy has shown a notable local trough at hour 12, which typically precedes a rebound as seen in historical examples.', 'No2 levels have risen sharply and remain elevated, indicating increasing vehicle density that correlates with higher occupancy rates.', 'Intensity has shown a recent spike at hour 11 before a slight drop, suggesting a temporary lull rather than a sustained decrease in flow, likely resulting in an upcoming recovery in occupancy.', 'Humidity is stable, and low wind conditions favor vehicle presence and slower dissipation times, which facilitates increased occupancy.', 'Overall, both environmental conditions and historical patterns suggest a strong likelihood of an upcoming increase in occupancy.']",654,2,"[326, 430, 85, 461, 277]","[2, 2, 2, 2, 2]"
2,"['Occupancy has recently shown a cyclic pattern, reflecting quick rebounds after local lows, especially given the drop at hour 12.', 'Intensity is stable and shows prior upward trends, suggesting continued demand, which typically results in increased occupancy.', 'NO2 levels remain relatively high, indicating sustained vehicle presence and activity, which correlates with higher occupancy.', 'The weather conditions are stable, with no adverse effects indicated, supporting improved traffic flow and occupancy.', 'The historical patterns suggest that when similar conditions occur, they tend to lead to occupancy increases, supporting the forecast of an increase greater than 2.']",653,2,"[133, 238, 430, 449, 169]","[2, 2, 2, 2, 2]"
1,"Occupancy has shown small oscillations without significant trends or large swings, suggesting a stable density regime. Recent changes in Intensity do not correlate with substantial shifts in Occupancy, indicating that the system is in an uncongested state where short-term fluctuations return towards equilibrium. Environmental conditions such as stable temperature and low humidity also support consistent traffic behavior. Given this context, a change within the range of [-2, 2] is most likely.",652,2,"[72, 532, 519, 136, 84]","[1, 1, 1, 1, 1]"
1,"The occupancy shows a slight decrease at hour 12 after a steady pattern in earlier hours. The current occupancy metrics indicate stability without significant fluctuations. Intensity has remained somewhat consistent, and there are no sharp spikes in NO2 or other environmental factors that suggest sudden increases in demand. WindSpeed and other weather conditions are stable, which further indicates that occupancy will likely change only within the range of [-2, 2].",651,0,"[527, 531, 160, 188, 316]","[1, 2, 0, 1, 1]"
2,"The latest hour has shown a notable increase in Intensity, signaling an influx of vehicles, while Occupancy is at a local trough similar to previous patterns where rebounds followed after dips. Additionally, stable weather conditions with rising NO2 indicate latent demand, suggesting upcoming traffic buildup that will likely elevate Occupancy significantly.",650,2,"[133, 326, 170, 430, 461]","[2, 2, 2, 2, 2]"
0,"Occupancy shows a notable dip at the latest timestamp (h12) following a period of fluctuation, suggesting a likely transient lull. Additionally, Intensity has also dropped, aligning with the recent behavior of occupancy declines leading to rebounds. The observed patterns indicate a lack of demand is being met, setting up for a potential decrease in occupancy as conditions stabilize, especially given the consistent rise in NO2 indicating vehicle presence that may not result in increased occupancy immediately. Therefore, based on historical behaviors, a decrease in occupancy is anticipated for the next hour.",657,2,"[430, 326, 133, 461, 73]","[2, 2, 2, 2, 2]"
1,"The occupancy has been oscillating within a narrow range, showing slight upward and downward movements without significant spikes or drops. The intensity remains relatively stable, allowing for smooth traffic flow without sudden congestion. Additionally, variables like NO2 and WindSpeed suggest steady driving conditions. Thus, it's reasonable to expect that occupancy will remain within a narrow band of changes in the upcoming hour.",655,0,"[540, 507, 188, 280, 568]","[0, 1, 1, 1, 1]"
1,"Occupancy has shown minor fluctuations over the past hours, with the most recent values hovering around 4-5. The steady increases in intensity alongside stable environmental conditions suggest that added traffic is being accommodated without significant occupancy changes. Consequently, I anticipate that occupancy will remain relatively stable, changing within the range of [-2, 2].",656,2,"[72, 472, 532, 252, 316]","[1, 1, 1, 1, 1]"
1,"The chart shows that Occupancy has been fluctuating within a narrow band, indicating mean reversion around a low baseline. Intensity appears to have a slight downward trend without abrupt changes, implying that demand is steady. Other variables, such as NO2 and WindSpeed, suggest stable conditions, which typically lead to minimal changes in Occupancy in the upcoming hour.",662,1,"[285, 25, 286, 505, 574]","[1, 1, 1, 1, 1]"
2,"Occupancy has shown an upward trend in the last hours, with a notable increase at hour 12. The intensity has also remained relatively stable, which supports the potential for continued traffic density growth. Additionally, environmental factors such as temperature and humidity appear to be stable and not causing any significant disruptions. Given these conditions, it is likely that occupancy will increase by more than 2 units.",658,2,"[182, 285, 521, 89, 61]","[1, 1, 2, 1, 1]"
1,"The new chart shows relatively stable conditions in Intensity and Occupancy over the observed hours, with no sharp changes or trends indicating a significant surge or drop. NO2 levels are steady, and weather factors like WindSpeed, Temperature, and Humidity appear consistent. Given this stability, I anticipate that Occupancy will remain within a narrow band of changes ([-2, 2]) for the next hour.",659,0,"[507, 280, 311, 563, 540]","[1, 1, 0, 2, 0]"
1,"The Occupancy values indicate small oscillations with no sharp swings in the past hours, suggesting a stable equilibrium. The Intensity is consistent without spikes, and environmental conditions (WindSpeed, Temperature, Humidity) remain stable, which minimizes abrupt changes. This all points to minor adjustments within the [-2, 2] range for the next hour.",660,2,"[100, 472, 392, 96, 52]","[1, 1, 1, 1, 1]"
2,"Occupancy displays a recent decline followed by an increase after the last timestamp, consistent with the behavior observed previously in historical examples. The increased NO2 levels indicate rising vehicle activity, which aligns with earlier upticks in occupancy following NO2 rises. Additionally, Intensity remains stable, suggesting no disruption in flow. Meanwhile, humidity levels are steady and favorable for traffic buildup, likely leading to increased occupancy in the coming hour.",661,2,"[538, 477, 9, 121, 326]","[2, 2, 2, 2, 2]"
1,"The current chart shows that occupancy has experienced modest fluctuations within a narrow band, suggesting stability. Despite slight increases in intensity, the accompanying environmental conditions (low wind speed, steady temperature, and consistent humidity) indicate that the traffic flow is well-regulated and not susceptible to sudden changes. This observation aligns with previous examples where occupancy remained stable despite demand adjustments, suggesting that the changes in occupancy will likely fall within the range of [-2, 2].",664,1,"[392, 100, 472, 192, 568]","[1, 1, 1, 0, 1]"
2,"Occupancy shows recent fluctuations with a notable decline, but indicators point towards a rebound. NO2 is rising at the end of the observed period, suggesting increased vehicular activity. The ambient conditions, including stable temperature and moderate wind speed, are unlikely to inhibit flow recovery. Intensity has begun to stabilize after a dip, setting the stage for potential increases in occupancy as more vehicles enter the system. Therefore, it is predicted that occupancy will rise by more than 2 in the next hour.",665,2,"[9, 61, 285, 477, 538]","[2, 1, 1, 2, 2]"
1,"The chart shows that Occupancy has been relatively stable, fluctuating within a narrow range. Despite minor variations in NO2, WindSpeed, Temperature, and Humidity, none of these factors indicate significant disturbances that would lead to abrupt changes in traffic dynamics. The Intensity values are mostly steady with slight oscillations, which typically correlate with modest changes in occupancy. Thus, the prediction is that Occupancy will change within [-2, 2] in the next hour.",663,2,"[505, 96, 211, 23, 72]","[1, 1, 1, 1, 1]"
1,"The chart shows that Occupancy has been fluctuating within a narrow range, with no significant increasing or decreasing trends observed. Intensity is leveling off, similar to past examples where lower intensity leads to stable occupancy. Environmental factors like humidity, temperature, and wind speed are also steady, suggesting no abrupt changes in traffic demand. Therefore, the Occupancy is likely to change within the range of [-2, 2] in the next hour.",666,1,"[505, 306, 409, 96, 29]","[1, 1, 1, 1, 1]"
1,"Occupancy shows slight oscillations with a gradual overall increase towards hour 12, indicating stability without high volatility. While Intensity is relatively steady and NO2 rises slightly, the environmental conditions like Temperature and WindSpeed are consistent, suggesting minimal fluctuations in driver behavior. The prior patterns indicate a lack of significant demand spikes or disruptions that would lead to abrupt changes, thus the change in Occupancy is expected to remain within the range of [-2, 2].",667,1,"[392, 96, 100, 20, 192]","[1, 1, 1, 0, 0]"
1,"Occupancy shows a low amplitude oscillation around values of 2-4 with no sharp spikes or declines. Intensity has been gradually decreasing alongside NO2, indicating a steady state rather than an abrupt change in traffic conditions. WindSpeed and Humidity remain stable, contributing to a predictable environment that tends to limit drastic fluctuations in occupancy. Given these conditions, it is likely that occupancy will change within the range of [-2, 2].",673,1,"[118, 285, 286, 22, 25]","[1, 1, 1, 1, 1]"
1,"['Occupancy remains stable with minor fluctuations, oscillating within a narrow band (0-3) in the last few hours.', 'Intensity shows slight variations without significant spikes, suggesting demand is steady and not leading to abrupt changes in occupancy.', 'NO2 levels are somewhat stable with no recent surges, indicating a consistent flow of traffic without major congestion.', 'WindSpeed has been moderate, contributing to stable driving conditions.', 'Temperature and Humidity are also within normal ranges, supporting free-flowing traffic without adverse weather effects.', 'Given these stable conditions, it is likely that Occupancy will only change within the range of [-2, 2].']",671,1,"[392, 100, 504, 95, 495]","[1, 1, 1, 1, 1]"
1,"The current chart shows occupancy fluctuating but stabilizing around a certain level, suggesting a near-equilibrium state. Intensity is steady without sharp increases, indicating that demand is sufficiently absorbed without causing congestion spikes. Additionally, environmental conditions like low wind speed, consistent temperature, and stable humidity further support a contained traffic state. Therefore, it is likely that the occupancy will change within the bounds of [-2, 2] in the next hour.",668,1,"[20, 472, 100, 392, 188]","[0, 1, 1, 1, 1]"
2,"The new chart shows a stable increase in NO2 alongside a rising trend in Intensity, suggesting increased vehicle activity. The current occupancy levels have fluctuated but stabilized, indicating a potential rebound as conditions become more favorable with increasing demand. Historical patterns show that similar conditions lead to an increase in occupancy. Thus, an increase by more than 2 is anticipated.",669,2,"[285, 517, 521, 414, 9]","[1, 2, 2, 2, 2]"
1,"The recent chart shows that occupancy has been relatively stable with small oscillations, similar to previous examples where occupancy changes remained between [-2, 2]. The traffic intensity appears to be in a consistent range without steep alterations, which suggests that demand and flow are also stabilizing. Additionally, environmental factors such as wind speed, temperature, humidity, and low solar radiation support continuity without abrupt shifts. Thus, it is expected that occupancy will continue to remain within minor changes in the forthcoming hour.",670,1,"[505, 306, 409, 23, 96]","[1, 1, 1, 1, 1]"
1,"The current chart shows occupancy fluctuating within a narrow band over the recent hours, indicating stability. Intensity has slight increases but without significant jumps. NO2, WindSpeed, Temperature, and Humidity remain relatively stable, suggesting no disruptive conditions. These factors imply that occupancy will likely remain within a range of [-2, 2].",675,1,"[100, 392, 504, 508, 416]","[1, 1, 1, 1, 1]"
1,"Occupancy has exhibited slight oscillations without significant trends in the last few hours, suggesting a stability around its current level. The Intensity has been gradually decreasing, indicating limited changes in traffic pressure. Additionally, weather factors (WindSpeed, Temperature, Humidity) are stable, and there are no sudden changes or external shocks expected to influence traffic flow significantly. As such, it is anticipated that Occupancy will remain within the range of [-2, 2] over the next hour.",674,1,"[306, 96, 505, 409, 28]","[1, 1, 1, 1, 1]"
1,"The Occupancy shows a gradual increase but is stabilizing at low levels. Intensity has remained relatively stable with some minor fluctuations, and environmental factors like temperature and humidity are stable, indicating no significant external disturbances affecting traffic flow. This suggests that any changes in occupancy are likely to fall within a range of [-2, 2].",672,1,"[100, 392, 96, 202, 195]","[1, 1, 1, 1, 1]"
1,"The Occupancy shows low volatility, fluctuating between 0.5 and 1.5, with steady conditions in WindSpeed, Temperature, and Humidity. Intensity is stable, suggesting that there won't be significant demand changes. Therefore, I expect the Occupancy to change within [-2, 2].",679,1,"[96, 28, 23, 306, 495]","[1, 1, 1, 1, 1]"
1,"Occupancy shows minor fluctuations without sharp increases or decreases, suggesting stability around its current level. Intensity is also relatively flat, indicating no significant demand changes that would drive occupancy up or down. Humidity increases while other conditions remain steady, implying a consistent traffic environment that typically results in changes within the range of [-2, 2].",678,1,"[96, 306, 28, 505, 409]","[1, 1, 1, 1, 1]"
1,"Occupancy shows low-amplitude oscillations and remains near a steady-state without significant trends. Intensity appears stable after previous fluctuations and is not pushing towards high occupancy levels. Environmental factors such as wind speed and humidity don't indicate disruptive conditions. Recent changes suggest inertia in traffic behavior, limiting potential for abrupt changes in occupancy.",680,1,"[505, 211, 198, 403, 519]","[1, 1, 1, 1, 1]"
1,"Occupancy shows a general downward trend but remains within a narrow band with only minor variances over recent hours. The absence of significant spikes in Intensity or substantial shifts in environmental factors (WindSpeed, Temperature, Humidity) suggests that any forthcoming occupancy changes will likely be small. Therefore, while there may be subtle movements, they are expected to remain within the range of [-2, 2].",677,1,"[505, 118, 493, 306, 198]","[1, 1, 1, 1, 1]"
1,"Occupancy shows oscillations within a narrow band over the recent hours, indicating a stable traffic environment with only minor fluctuations. The traffic intensity appears to be steady, with no significant peaks or abrupt changes expected. Current conditions (weather, humidity, and temperature) do not suggest disruptions that would lead to a drastic change in occupancy. Therefore, it is likely that occupancy will change within the range of [-2, 2].",676,1,"[96, 574, 306, 505, 203]","[1, 1, 1, 1, 1]"
1,"The Occupancy chart shows small fluctuations around low values with no significant upward or downward trends. The recent rise in NO2 indicates stable vehicular flow, supporting the idea of no sudden demand spikes. Intensity remains steady without sharp increases, aligning with historical observations of low-occupancy conditions. Additionally, WindSpeed, Temperature, and Humidity do not suggest conditions likely to impact traffic behavior. Given these factors, it's reasonable to predict that Occupancy will change within the range of [-2, 2].",681,1,"[25, 203, 497, 118, 306]","[1, 1, 1, 1, 1]"
1,"The Occupancy data shows small, bounded fluctuations and is steady within a limited range during hours 8-12. Despite a slight increase in wind speed and stable humidity, there has been no significant spike or trend in Intensity or NO2 to indicate a sudden demand surge. Therefore, the changes in Occupancy are expected to remain within the range of [-2, 2] for the next hour.",682,1,"[306, 96, 505, 23, 497]","[1, 1, 1, 1, 1]"
1,"The chart shows occupancy experiencing small oscillations within a limited range, remaining between 0 and 2 recently. Intensity is steady, with a minor increase observed, yet the overall trend suggests no significant demand shift expected. NO2 levels are stable, indicating no new congestion pressures. Environmental factors like wind speed, temperature, and humidity are relatively stable, which reinforces the expectation of bounded fluctuations. Thus, I predict occupancy will change within [-2, 2].",683,1,"[505, 306, 409, 403, 28]","[1, 1, 1, 1, 1]"
1,"The occupancy values show low-amplitude oscillations around a steady state with no clear upward or downward trend. The intensity remains relatively stable without significant sharp spikes, indicating that the traffic conditions are unlikely to cause large changes in occupancy. Also, other environmental factors like NO2, humidity, and temperature do not show abrupt changes. Thus, the occupancy is expected to change within the range of [-2, 2].",684,1,"[96, 505, 200, 211, 306]","[1, 1, 1, 1, 1]"
1,"Occupancy has shown small fluctuations around low values, suggesting a stable off-peak state. Intensity remains low and flat, indicating settled demand. NO2 levels are stable without sharp rises, and other environmental factors like WindSpeed, Temperature, and Humidity do not indicate abrupt changes. Therefore, the prediction aligns with the observed stability and is expected to remain within a small change window.",685,2,"[306, 505, 96, 409, 497]","[1, 1, 1, 1, 1]"
1,"Occupancy appears to be stabilized around low values with only minor fluctuations over the most recent hours. Intensity shows no significant upward trend, instead indicating steady or diminishing demand. Environmental conditions such as WindSpeed and Humidity are also stable, suggesting there won't be any sudden changes that could drive a larger occupancy shift. Therefore, a change within [-2, 2] is expected for the next hour.",686,1,"[96, 306, 497, 505, 574]","[1, 1, 1, 1, 1]"
1,"The chart shows that Occupancy has been oscillating slightly around a low baseline, with only minor variations evident over the recent hours. Intensity does not show sharp changes, remaining relatively stable, which implies that there are no significant disturbances affecting flow. Environmental conditions like WindSpeed, Temperature, Humidity, and NO2 levels suggest steady conditions, with no factors indicating potential spikes or drops in occupancy. Therefore, it is reasonable to predict changes within the range of [-2, 2].",687,1,"[392, 96, 100, 95, 202]","[1, 1, 1, 1, 1]"
1,"The new chart shows that occupancy has been oscillating narrowly with a slight upward trend in the last hour, while intensity has been declining. The ambient conditions, including temperature and humidity, are relatively stable without any extreme fluctuations that could induce significant traffic changes. The absence of any sudden spikes in NO2 and other environmental factors suggests that occupancy is likely to stabilize within a narrow band, aligning with prior examples' outcomes. Thus, a change within [-2, 2] is predicted.",689,1,"[505, 306, 409, 96, 28]","[1, 1, 1, 1, 1]"
2,"['Occupancy has shown an oscillating pattern but has recently increased towards hour 12, indicating a rise in traffic density.', 'Intensity has stabilized with a slight upward trend towards hour 12, suggesting an increase in traffic flow that typically leads to increased occupancy.', 'NO2 levels are stable, implying a consistent vehicle presence, and there are no significant drops in wind speed or adverse weather conditions that would inhibit traffic expansion.', 'Humidity remains stable with no adverse effects on driving conditions, further supporting higher occupancy.', 'Overall, the combination of rising intensity and stable environmental conditions points towards an increase in occupancy for the next hour.']",688,1,"[414, 118, 517, 199, 214]","[2, 1, 2, 2, 2]"
1,"Occupancy shows slight oscillations without significant upward or downward trends, indicating stability around the current levels. Intensity is not exhibiting abrupt changes, and meteorological conditions remain steady. This aligns with previous examples where similar conditions resulted in minor fluctuations, leading to occupancy changes within the range of [-2, 2].",691,1,"[306, 23, 505, 96, 28]","[1, 1, 1, 1, 1]"
1,"The traffic Occupancy demonstrates a stable pattern with small oscillations, suggesting a mean-reverting behavior. Recent Intensity changes are gradual, indicating no abrupt shifts in demand. Environmental conditions (e.g., WindSpeed and Humidity) are consistent, reducing the likelihood of sudden traffic shocks. Therefore, it is expected that the Occupancy will change within the range of [-2, 2] for the next hour.",690,1,"[96, 306, 505, 23, 409]","[1, 1, 1, 1, 1]"
1,"Occupancy has shown low fluctuations in the previous hours, remaining constrained around a low baseline (values around 2 to 4). The intensity has been gradually trending downward without abrupt changes, indicating that demand is easing. Additionally, environmental factors like wind speed, temperature, and humidity are stable, which further supports the expectation of limited variability in occupancy. Therefore, the occupancy is likely to stay within a narrow range of changes.",694,2,"[505, 409, 306, 25, 18]","[1, 1, 1, 1, 1]"
1,"The chart shows that Occupancy has been fluctuating within a small range over the last few hours, indicating a stable traffic flow. The Intensity remains relatively steady without any sharp increases, suggesting that there won't be significant changes in demand. Furthermore, environmental factors such as WindSpeed and Humidity seem stable, which typically results in minimized abrupt occupancy shifts. Overall, these observations support a prediction of minor fluctuations in occupancy, leading to expected changes within the range of [-2, 2].",692,1,"[96, 306, 497, 505, 210]","[1, 1, 1, 1, 1]"
0,"The current chart indicates that occupancy has been experiencing minor fluctuations but is generally trending downwards. The intensity is stable at low levels, suggesting weak demand conditions. The increase in NO2 could indicate more idling or congestion, but without a significant change in intensity or other supportive factors, a notable drop in occupancy is likely. Hence, it is predicted that occupancy will decrease by more than 2.",693,2,"[517, 118, 414, 210, 285]","[2, 1, 2, 1, 1]"
0,"The occupancy shows a declining trend, especially with the notable drop from hours 11 to 12. Intensity remains relatively high, but there is a decrease in occupancy coinciding with the rise in NO2, indicating that while traffic may be moving, the density of vehicles is decreasing. Additionally, the recent increasing wind speed and stabilization in temperature suggest steady traffic flow, further reinforcing the expectation that occupancy will continue to decrease.",696,1,"[20, 392, 504, 96, 192]","[0, 1, 1, 1, 0]"
2,"['Occupancy shows a trough at hour 12, similar to previous cases where dips were followed by rebounds.', 'NO2 levels are relatively high, indicating sustained vehicular activity nearby, which supports the potential for increased occupancy.', 'Intensity has remained moderate, suggesting that any dip from peak levels may stimulate a recovery in occupancy as vehicles return to the detection zone.', 'Weather conditions (humidity is stable, temperature is moderate) do not present barriers to increased road use, reinforcing the expectation of demand.', 'Previous increases in NO2 and occupancy are correlated, indicating a likely occupancy rebound as traffic demand persists.']",697,2,"[133, 73, 449, 469, 430]","[2, 2, 2, 2, 2]"
0,"The recent chart shows that Occupancy has shown a series of peaks followed by drops, indicating a transient behavior likely approaching a mean-reversion pattern. While Intensity remains relatively stable, the increase in WindSpeed and stable NO2 emissions suggest improved flow conditions. The observed peak in SolarRad also indicates a shift towards later-day conditions when travel demand typically eases. Hence, despite a slight increase in Occupancy, the overall conditions suggest a decrease by more than 2 in the next hour.",695,1,"[247, 243, 223, 311, 331]","[0, 0, 0, 0, 0]"
2,"['Occupancy is currently near a local trough at hour 12, suggesting a potential for mean-reverting behavior indicating an imminent rebound.', 'NO2 levels have remained relatively stable, indicating persistent vehicle presence which often correlates with increased occupancy as vehicles accumulate.', 'WindSpeed is low and Humidity is high, supporting conditions conducive for congestion as reduced speeds contribute to higher occupancy.', 'Intensity shows a minor rebound trend at the end of the hour, which could imply a forthcoming increase in demand and occupancy as traffic resumes.', 'Overall trends in previous hours suggest cyclical patterns typical of density upticks after troughs.']",698,2,"[430, 546, 162, 85, 461]","[2, 2, 2, 2, 2]"
0,"The chart shows that 'Occupancy' has been decreasing continuously towards hour 12, with high initial levels after hour 8 followed by gradual declines. The latest hour (12) is still lower than hour 11, indicating a continuing downward trend. Additionally, 'Intensity' appears stable but not increasing significantly, suggesting that throughput is maintaining without causing congestion. 'NO2' and other weather-related factors remain steady, favoring further decrease in 'Occupancy'. Based on the trends analyzed in previous examples, a decrease of more than 2 is expected.",699,0,"[331, 247, 259, 360, 240]","[0, 0, 0, 1, 0]"
0,"The occupancy trend shows a gradual decrease in the last few intervals which aligns with a history of occupancy decreasing when intensity and wind speeds stabilize or drop. NO2 levels are moderate but elevated, suggesting heavier vehicle presence, though the overall conditions appear stable. Given that the previous trends indicate decreasing occupancy with increasing intensity and recent fluctuations in external factors like wind and temperature, a further decrease in occupancy by more than 2 is anticipated.",700,1,"[431, 244, 360, 540, 3]","[1, 0, 1, 0, 2]"
1,"The recent patterns show a fluctuation in occupancy with a slight peak followed by a drop. The low humidity and stable wind conditions suggest steady travel demand, while the Intensity remains moderate. Given the past behavior of occupancy responding to Intensity, the predicted change for occupancy may remain within a range of [-2, 2] without a substantial increase or decrease in density.",701,2,"[261, 133, 245, 246, 449]","[2, 2, 2, 2, 2]"
2,"The new chart shows a recent increase in both NO2 and Occupancy, suggesting rising traffic density. Additionally, Humidity and Temperature are stable, which typically supports maintained travel demand. Intensity has shown a slight uptick in hour 12, indicating higher flow, while previous patterns highlighted that after such increases, Occupancy tends to rise as well. Therefore, there is a strong likelihood of an increase in Occupancy by more than 2 in the next hour.",702,2,"[245, 133, 238, 261, 449]","[2, 2, 2, 2, 2]"
0,"['The `Occupancy` shows a slight upward trend but has a peak followed by a decline in the last few intervals.', 'The `Intensity` remains relatively high and is on a slight upward trajectory, suggesting incoming flow is still strong, which might lead to queues getting formed.', 'The `NO2` levels are fluctuating but do not indicate a significant congestion worsening. However, recent patterns indicate higher congestion in past similar scenarios.', 'The `Humidity` remains stable and is not significant enough to induce drastic changes in occupancy.', ""Overall, the previous patterns suggest that although there's some fluctuation, the general trend indicates a decrease due to likely saturation in traffic flow relative to recent history.""]",704,1,"[3, 431, 260, 360, 163]","[2, 1, 0, 1, 0]"
0,"The latest hour shows a spike in Occupancy, but the Intensity does not follow suit, suggesting a peak followed by a likely decrease. Additionally, the trends in NO2 indicate less stop-and-go traffic, aligning with smoother flow. Historical patterns observed suggest that after peaks in Occupancy, there is often a rapid decline in the subsequent timeslots. Weather conditions are relatively stable, which does not support an increase in traffic density, further indicating that the Occupancy will decrease.",703,1,"[247, 360, 259, 240, 331]","[0, 1, 0, 0, 0]"
2,"Occupancy at hour 12 has shown a slight increase compared to previous hours, and the trend suggests an upward movement from the recent local minima. Additionally, NO2 levels are increasing, which often correlates with rising occupancy. Intensity appears stable and co-movement with occupancy has been observed historically. Given these factors, an increase in occupancy by more than 2 is anticipated in the next hour.",706,2,"[245, 162, 266, 261, 561]","[2, 2, 2, 2, 2]"
2,"['Occupancy shows a recent trough followed by a positive oscillation pattern, indicating mean-reversion behavior where values tend to bounce back after drops.', 'Intensity displayed an upward trend prior to the last timestamp, suggesting increased vehicle flow, which typically corresponds to higher occupancy.', 'NO2 levels are elevated, signaling increased vehicular activity and presence on the corridor, consistent with rising occupancy.', 'Temperature remains stable and favorable, with low wind speeds indicating no weather-related deterrents to travel.', 'Solar radiation is rising after a recent dip, indicative of favorable travel conditions enhancing demand.', 'Past patterns suggest that similar configurations (previous high occupancy after dips) lead to increased occupancy; thus, a rebound is expected.']",705,2,"[449, 533, 241, 246, 561]","[2, 2, 2, 2, 2]"
0,"Occupancy has shown a recent slight uptick, but historical patterns suggest a temporary queue that typically leads to a decrease afterwards. Additionally, Intensity has risen, indicating improving throughput that is likely to decrease Occupancy. Environmental conditions such as moderately stable Temp and Humidity conditions further support a return to previous lower Occupancy levels. Thus, a decrease by more than 2 is anticipated.",707,0,"[247, 127, 259, 331, 227]","[0, 0, 0, 0, 0]"
0,"The chart shows that 'Occupancy' has had fluctuations but recently exhibited high values. The 'Intensity' is ramping up, indicating increased throughput, which typically supports queue discharge. Concurrently, 'NO2' remains steady, suggesting that traffic flow is improving. Weather variables like 'Temperature', 'Humidity', and 'SolarRad' are conducive to smoother traffic flow as well. Given these conditions and following historical patterns where a rise in intensity often correlates with a subsequent drop in occupancy, it is predicted that occupancy will decrease by more than 2.",711,1,"[247, 223, 360, 331, 259]","[0, 0, 1, 0, 0]"
2,"The chart shows a recent drop in occupancy at hour 12, consistent with cyclical patterns observed in previous examples (e.g., Example 1, Example 5). The occupancy tends to rebound after such dips, especially following significant drops. The associated trends in Intensity and NO2 suggest a buildup of traffic demand is likely to contribute to an upcoming increase in occupancy. Environmental conditions remain stable and supportive of traffic flow, further reinforcing the expectation of an upward trend in occupancy. Therefore, the prediction is an increase in occupancy by more than 2.",710,2,"[133, 238, 430, 461, 326]","[2, 2, 2, 2, 2]"
0,"Occupancy is currently at a plateau after fluctuating in previous hours, suggesting a tendency to move downward based on the recent pattern of Intensity continuing to rise while Occupancy fails to keep pace. The relatively stable WindSpeed and NO2 levels indicate no significant detrimental changes to traffic flow, and with SolarRad decreasing, conditions are not conducive to increased demand or occupancy. The closing hour's data points suggest a slight decrease in occupancy may be imminent.",708,1,"[160, 531, 172, 392, 188]","[0, 2, 0, 1, 1]"
2,"Recent patterns indicate a transient dip in occupancy that is reminiscent of prior examples demonstrating mean-reversion behavior after similar troughs. The last measurement shows a low occupancy after a period of higher levels. Additionally, intensity remains relatively high, which often correlates with increased occupancy. NO2 levels are rising, suggesting increased vehicular activity nearby, further supporting the expectation of occupancy increase. All these factors point towards a likely rebound in occupancy for the next hour.",709,2,"[133, 238, 246, 233, 449]","[2, 2, 2, 2, 2]"
1,"The recently observed patterns in the chart indicate that Occupancy has shown modest fluctuations, with no sharp increases or decreases. The Intensity is stable and does not exhibit significant volatility, suggesting that throughput remains controlled. Additionally, the weather conditions (Temp, WindSpeed, and Humidity) appear to be steady, contributing to a stable traffic environment. Therefore, it is likely that the Occupancy will change within the range of [-2, 2] for the next hour.",712,1,"[507, 416, 311, 288, 328]","[1, 1, 0, 1, 1]"
2,"['NO2 has shown a previous peak at hour 8, indicating increased traffic levels, with a recent downward trend that suggests sustained vehicle activity.', 'Occupancy trends reveal a pattern of rebounds from short dips as seen in past examples where occupancy quickly recovers after troughs.', 'Temperature is stabilizing while humidity increases, which may contribute to reduced speeds, reinforcing longer stationary times at detectors and potentially raising occupancy.', 'Intensity has previously exhibited a steady downward trend, but historically, after such drops, occupancy tends to rebound as vehicle demand surpasses available road capacity.', 'Overall trends in metrics point toward a likely increase in occupancy in the upcoming hour due to the combination of factors such as increased vehicle presence, cooling weather, and reduced driving speeds.']",714,2,"[133, 430, 449, 317, 238]","[2, 2, 2, 2, 2]"
2,"The latest hour shows a notable drop in `Occupancy`, hinting at a potential mean-reversion bounce back. The recent pattern indicates a similar behavior where a local trough in `Occupancy` is typically followed by an increase. A rising trend in `NO2`, despite the drop in `Intensity`, points to increasing vehicle presence and latent demand, which can drive up occupancy as vehicles clear accumulated queues. Additionally, the stable weather conditions, with no adverse effects, support recovery in flow and hence, occupancy. Based on these observations, a prediction of an increase by over 2 is made.",713,2,"[133, 233, 325, 365, 357]","[2, 2, 2, 2, 2]"
0,"Occupancy shows a downward trend overall and has been fluctuating within a narrow band with earlier peaks. Intensity appears stable, with no indications of a surge that would drive occupancy higher. Combined with a slight increase in NO2 levels, suggesting potential congestion, the conditions indicate that occupancy is likely to decrease significantly (>2) in the upcoming hour.",716,0,"[360, 311, 507, 247, 148]","[1, 0, 1, 0, 0]"
2,"['The latest hour shows a slight upward trend in `NO2`, indicating increased vehicle activity, which typically leads to higher occupancy.', 'WindSpeed remains relatively low, suggesting minimal dispersion and potentially longer detector occupancy times due to slower vehicle speeds.', 'Temperature and humidity conditions are stable, supporting consistent travel demands and no adverse weather impacts that would hinder traffic flow.', 'Intensity has been stable around moderate levels throughout the period, and has shown historical alignment with occupancy fluctuations, suggesting continuity in traffic demand.', 'The previous few hours also exhibit a rebound potential with occupancy having minor peaks following dips, indicating a propensity to recover, further reinforcing the expectation of an increase.']",717,2,"[133, 437, 233, 449, 317]","[2, 2, 2, 2, 2]"
2,"['Occupancy is currently at a local trough, with historical evidence (previous dips) indicating that such lows are often followed by rebounds.', 'NO2 levels have recently increased, suggesting a rise in vehicle density, which aligns with previous patterns where higher emissions correlate with increased occupancy.', ""Intensity has been declining slightly but remains relatively consistent, indicating that while there might be some congestion, the conditions aren't causing significant throughput losses."", 'Temperature is stable, while humidity remains elevated, likely influencing slower driving speeds and tighter headways that can lead to higher occupancy.', 'Overall, the combination of recent increases in NO2, a local trough in occupancy, and stable driving conditions suggests that occupancy will rebound sharply in the coming hour.']",718,2,"[133, 238, 437, 430, 365]","[2, 2, 2, 2, 2]"
1,"Occupancy has shown a general stability with fluctuations around the current levels, indicating a tendency for small variations rather than large shifts. Intensity is gradually increasing without signaling an impending capacity strain, and other environmental factors (such as NO2, WindSpeed, and humidity) are relatively stable, which supports a steady flow without drastic changes. Thus, the upcoming hour is expected to keep Occupancy changes within a range of [-2, 2].",715,1,"[280, 327, 360, 188, 375]","[1, 0, 1, 1, 1]"
1,"Occupancy has shown some fluctuation but is stable around the last few data points. NO2 and Intensity have modest movements with no abrupt increases or decreases in other environmental factors. The patterns suggest ongoing but controlled traffic flow, leading to only minor changes in occupancy of [-2, 2].",719,0,"[431, 3, 163, 360, 268]","[1, 2, 0, 1, 0]"
2,"The recent pattern in the chart exhibits a drop in both Intensity and Occupancy at hour 12, suggesting a possible transient trough that could revert in the following hour due to historical mean-reversion tendencies observed earlier. The increase in NO2 levels indicates congestion upstream, aligning with prior examples where rising NO2 and Intensity correlate with increased Occupancy. With stable humidity and favorable weather conditions, the return of vehicles (indicated by rising NO2 and previous dips in Occupancy reflecting rebounds) suggests an upward pressure on density, likely leading to an occupancy increase by more than 2.",721,2,"[133, 169, 141, 238, 437]","[2, 2, 2, 2, 2]"
0,"The occupancy has shown a decreasing trend from hour 10 to hour 12, indicating a potential continuation of congestion dissipation. Intensity has been relatively stable but without significant peaks in recent hours, suggesting that the inflow of vehicles is not increasing sharply. Additionally, the weather conditions (temp remains stable and humidity is moderate) support smoother flow, likely promoting further decreases in occupancy. Therefore, I predict that occupancy will decrease by more than 2.",720,0,"[311, 560, 331, 360, 183]","[0, 2, 0, 1, 0]"
